x-axis,1
second,Volt
-2.500000E+00,-161E-06
-2.497500E+00,-201E-06
-2.495000E+00,-80E-06
-2.492500E+00,-281E-06
-2.490000E+00,-322E-06
-2.487500E+00,-40E-06
-2.485000E+00,-80E-06
-2.482500E+00,-121E-06
-2.480000E+00,+161E-06
-2.477500E+00,+40E-06
-2.475000E+00,-80E-06
-2.472500E+00,-201E-06
-2.470000E+00,-161E-06
-2.467500E+00,-161E-06
-2.465000E+00,+80E-06
-2.462500E+00,-161E-06
-2.460000E+00,-0.0E+00
-2.457500E+00,-40E-06
-2.455000E+00,-80E-06
-2.452500E+00,-201E-06
-2.450000E+00,-161E-06
-2.447500E+00,-322E-06
-2.445000E+00,+80E-06
-2.442500E+00,-201E-06
-2.440000E+00,-161E-06
-2.437500E+00,+161E-06
-2.435000E+00,-0.0E+00
-2.432500E+00,-80E-06
-2.430000E+00,-161E-06
-2.427500E+00,-161E-06
-2.425000E+00,-0.0E+00
-2.422500E+00,+40E-06
-2.420000E+00,-0.0E+00
-2.417500E+00,+121E-06
-2.415000E+00,-80E-06
-2.412500E+00,-201E-06
-2.410000E+00,-322E-06
-2.407500E+00,-241E-06
-2.405000E+00,-161E-06
-2.402500E+00,-80E-06
-2.400000E+00,-161E-06
-2.397500E+00,-40E-06
-2.395000E+00,+80E-06
-2.392500E+00,-362E-06
-2.390000E+00,-161E-06
-2.387500E+00,-241E-06
-2.385000E+00,-80E-06
-2.382500E+00,-201E-06
-2.380000E+00,-0.0E+00
-2.377500E+00,+161E-06
-2.375000E+00,+0.0E+00
-2.372500E+00,-80E-06
-2.370000E+00,-322E-06
-2.367500E+00,-161E-06
-2.365000E+00,-0.0E+00
-2.362500E+00,-80E-06
-2.360000E+00,-0.0E+00
-2.357500E+00,-80E-06
-2.355000E+00,-161E-06
-2.352500E+00,-40E-06
-2.350000E+00,-322E-06
-2.347500E+00,-402E-06
-2.345000E+00,-80E-06
-2.342500E+00,-241E-06
-2.340000E+00,-322E-06
-2.337500E+00,-201E-06
-2.335000E+00,-0.0E+00
-2.332500E+00,-161E-06
-2.330000E+00,-322E-06
-2.327500E+00,-442E-06
-2.325000E+00,+0.0E+00
-2.322500E+00,-80E-06
-2.320000E+00,-161E-06
-2.317500E+00,+40E-06
-2.315000E+00,-161E-06
-2.312500E+00,-362E-06
-2.310000E+00,-161E-06
-2.307500E+00,-201E-06
-2.305000E+00,-161E-06
-2.302500E+00,+0.0E+00
-2.300000E+00,-161E-06
-2.297500E+00,-201E-06
-2.295000E+00,-80E-06
-2.292500E+00,-161E-06
-2.290000E+00,-161E-06
-2.287500E+00,-241E-06
-2.285000E+00,-402E-06
-2.282500E+00,-121E-06
-2.280000E+00,+0.0E+00
-2.277500E+00,-121E-06
-2.275000E+00,-80E-06
-2.272500E+00,-201E-06
-2.270000E+00,-322E-06
-2.267500E+00,-40E-06
-2.265000E+00,-80E-06
-2.262500E+00,-121E-06
-2.260000E+00,-161E-06
-2.257500E+00,-121E-06
-2.255000E+00,+0.0E+00
-2.252500E+00,-322E-06
-2.250000E+00,-482E-06
-2.247500E+00,+0.0E+00
-2.245000E+00,-0.0E+00
-2.242500E+00,+0.0E+00
-2.240000E+00,+0.0E+00
-2.237500E+00,-241E-06
-2.235000E+00,-80E-06
-2.232500E+00,-121E-06
-2.230000E+00,-161E-06
-2.227500E+00,-442E-06
-2.225000E+00,-161E-06
-2.222500E+00,+0.0E+00
-2.220000E+00,+0.0E+00
-2.217500E+00,+121E-06
-2.215000E+00,-80E-06
-2.212500E+00,-322E-06
-2.210000E+00,-161E-06
-2.207500E+00,-201E-06
-2.205000E+00,-241E-06
-2.202500E+00,-161E-06
-2.200000E+00,-0.0E+00
-2.197500E+00,+241E-06
-2.195000E+00,-322E-06
-2.192500E+00,-241E-06
-2.190000E+00,+0.0E+00
-2.187500E+00,-161E-06
-2.185000E+00,-241E-06
-2.182500E+00,-161E-06
-2.180000E+00,-0.0E+00
-2.177500E+00,-281E-06
-2.175000E+00,-161E-06
-2.172500E+00,-241E-06
-2.170000E+00,-322E-06
-2.167500E+00,-523E-06
-2.165000E+00,-161E-06
-2.162500E+00,-40E-06
-2.160000E+00,+0.0E+00
-2.157500E+00,+0.0E+00
-2.155000E+00,-0.0E+00
-2.152500E+00,-40E-06
-2.150000E+00,-322E-06
-2.147500E+00,-281E-06
-2.145000E+00,+0.0E+00
-2.142500E+00,-161E-06
-2.140000E+00,+322E-06
-2.137500E+00,+0.0E+00
-2.135000E+00,+0.0E+00
-2.132500E+00,-281E-06
-2.130000E+00,-482E-06
-2.127500E+00,-201E-06
-2.125000E+00,+80E-06
-2.122500E+00,-362E-06
-2.120000E+00,-0.0E+00
-2.117500E+00,+121E-06
-2.115000E+00,-241E-06
-2.112500E+00,-40E-06
-2.110000E+00,-322E-06
-2.107500E+00,-442E-06
-2.105000E+00,-80E-06
-2.102500E+00,-121E-06
-2.100000E+00,-322E-06
-2.097500E+00,+80E-06
-2.095000E+00,-80E-06
-2.092500E+00,-161E-06
-2.090000E+00,-161E-06
-2.087500E+00,-121E-06
-2.085000E+00,-80E-06
-2.082500E+00,+80E-06
-2.080000E+00,-161E-06
-2.077500E+00,+0.0E+00
-2.075000E+00,+0.0E+00
-2.072500E+00,-161E-06
-2.070000E+00,-0.0E+00
-2.067500E+00,-121E-06
-2.065000E+00,-80E-06
-2.062500E+00,+40E-06
-2.060000E+00,-322E-06
-2.057500E+00,-241E-06
-2.055000E+00,-241E-06
-2.052500E+00,-402E-06
-2.050000E+00,-161E-06
-2.047500E+00,-161E-06
-2.045000E+00,-80E-06
-2.042500E+00,-322E-06
-2.040000E+00,+322E-06
-2.037500E+00,+241E-06
-2.035000E+00,-161E-06
-2.032500E+00,-362E-06
-2.030000E+00,-322E-06
-2.027500E+00,-40E-06
-2.025000E+00,-322E-06
-2.022500E+00,-241E-06
-2.020000E+00,+161E-06
-2.017500E+00,-161E-06
-2.015000E+00,+80E-06
-2.012500E+00,-40E-06
-2.010000E+00,-161E-06
-2.007500E+00,+0.0E+00
-2.005000E+00,+0.0E+00
-2.002500E+00,-241E-06
-2.000000E+00,+161E-06
-1.997500E+00,-161E-06
-1.995000E+00,+0.0E+00
-1.992500E+00,-161E-06
-1.990000E+00,-322E-06
-1.987500E+00,-241E-06
-1.985000E+00,-80E-06
-1.982500E+00,+0.0E+00
-1.980000E+00,-161E-06
-1.977500E+00,+0.0E+00
-1.975000E+00,-80E-06
-1.972500E+00,-40E-06
-1.970000E+00,-0.0E+00
-1.967500E+00,-201E-06
-1.965000E+00,-80E-06
-1.962500E+00,-121E-06
-1.960000E+00,+0.0E+00
-1.957500E+00,+161E-06
-1.955000E+00,+0.0E+00
-1.952500E+00,-161E-06
-1.950000E+00,-0.0E+00
-1.947500E+00,-402E-06
-1.945000E+00,+0.0E+00
-1.942500E+00,-80E-06
-1.940000E+00,+0.0E+00
-1.937500E+00,-40E-06
-1.935000E+00,-161E-06
-1.932500E+00,-241E-06
-1.930000E+00,-161E-06
-1.927500E+00,-80E-06
-1.925000E+00,-80E-06
-1.922500E+00,-40E-06
-1.920000E+00,-161E-06
-1.917500E+00,+0.0E+00
-1.915000E+00,-161E-06
-1.912500E+00,-121E-06
-1.910000E+00,-322E-06
-1.907500E+00,-40E-06
-1.905000E+00,-241E-06
-1.902500E+00,+0.0E+00
-1.900000E+00,-161E-06
-1.897500E+00,-80E-06
-1.895000E+00,-80E-06
-1.892500E+00,-362E-06
-1.890000E+00,-322E-06
-1.887500E+00,-402E-06
-1.885000E+00,+0.0E+00
-1.882500E+00,-121E-06
-1.880000E+00,-161E-06
-1.877500E+00,-80E-06
-1.875000E+00,-161E-06
-1.872500E+00,-442E-06
-1.870000E+00,-322E-06
-1.867500E+00,-402E-06
-1.865000E+00,+0.0E+00
-1.862500E+00,+161E-06
-1.860000E+00,-0.0E+00
-1.857500E+00,-402E-06
-1.855000E+00,-241E-06
-1.852500E+00,-201E-06
-1.850000E+00,-482E-06
-1.847500E+00,-201E-06
-1.845000E+00,-161E-06
-1.842500E+00,-80E-06
-1.840000E+00,-161E-06
-1.837500E+00,+40E-06
-1.835000E+00,-161E-06
-1.832500E+00,-201E-06
-1.830000E+00,-322E-06
-1.827500E+00,+0.0E+00
-1.825000E+00,-80E-06
-1.822500E+00,+0.0E+00
-1.820000E+00,+0.0E+00
-1.817500E+00,-161E-06
-1.815000E+00,+0.0E+00
-1.812500E+00,-402E-06
-1.810000E+00,-322E-06
-1.807500E+00,-161E-06
-1.805000E+00,-161E-06
-1.802500E+00,-121E-06
-1.800000E+00,-161E-06
-1.797500E+00,+0.0E+00
-1.795000E+00,-161E-06
-1.792500E+00,-322E-06
-1.790000E+00,-482E-06
-1.787500E+00,-603E-06
-1.785000E+00,-161E-06
-1.782500E+00,-161E-06
-1.780000E+00,-161E-06
-1.777500E+00,-161E-06
-1.775000E+00,-80E-06
-1.772500E+00,+40E-06
-1.770000E+00,-161E-06
-1.767500E+00,-161E-06
-1.765000E+00,+80E-06
-1.762500E+00,-161E-06
-1.760000E+00,+0.0E+00
-1.757500E+00,+40E-06
-1.755000E+00,-80E-06
-1.752500E+00,-322E-06
-1.750000E+00,-0.0E+00
-1.747500E+00,-322E-06
-1.745000E+00,+241E-06
-1.742500E+00,+40E-06
-1.740000E+00,-322E-06
-1.737500E+00,+121E-06
-1.735000E+00,+0.0E+00
-1.732500E+00,-482E-06
-1.730000E+00,-322E-06
-1.727500E+00,-121E-06
-1.725000E+00,-80E-06
-1.722500E+00,+80E-06
-1.720000E+00,+0.0E+00
-1.717500E+00,-121E-06
-1.715000E+00,+0.0E+00
-1.712500E+00,-241E-06
-1.710000E+00,-161E-06
-1.707500E+00,-201E-06
-1.705000E+00,+0.0E+00
-1.702500E+00,-201E-06
-1.700000E+00,+161E-06
-1.697500E+00,-40E-06
-1.695000E+00,+161E-06
-1.692500E+00,-201E-06
-1.690000E+00,-322E-06
-1.687500E+00,-281E-06
-1.685000E+00,-80E-06
-1.682500E+00,+80E-06
-1.680000E+00,+0.0E+00
-1.677500E+00,-80E-06
-1.675000E+00,-161E-06
-1.672500E+00,+0.0E+00
-1.670000E+00,-322E-06
-1.667500E+00,-241E-06
-1.665000E+00,-161E-06
-1.662500E+00,-121E-06
-1.660000E+00,+0.0E+00
-1.657500E+00,+40E-06
-1.655000E+00,-241E-06
-1.652500E+00,-40E-06
-1.650000E+00,-322E-06
-1.647500E+00,+40E-06
-1.645000E+00,+80E-06
-1.642500E+00,-201E-06
-1.640000E+00,+161E-06
-1.637500E+00,-80E-06
-1.635000E+00,-161E-06
-1.632500E+00,-40E-06
-1.630000E+00,+161E-06
-1.627500E+00,-121E-06
-1.625000E+00,+241E-06
-1.622500E+00,-161E-06
-1.620000E+00,-161E-06
-1.617500E+00,-201E-06
-1.615000E+00,-0.0E+00
-1.612500E+00,-322E-06
-1.610000E+00,-161E-06
-1.607500E+00,+0.0E+00
-1.605000E+00,-80E-06
-1.602500E+00,-40E-06
-1.600000E+00,+161E-06
-1.597500E+00,-40E-06
-1.595000E+00,+0.0E+00
-1.592500E+00,-201E-06
-1.590000E+00,-161E-06
-1.587500E+00,-161E-06
-1.585000E+00,+80E-06
-1.582500E+00,-40E-06
-1.580000E+00,+322E-06
-1.577500E+00,+80E-06
-1.575000E+00,-161E-06
-1.572500E+00,+0.0E+00
-1.570000E+00,-0.0E+00
-1.567500E+00,-281E-06
-1.565000E+00,-161E-06
-1.562500E+00,+121E-06
-1.560000E+00,-0.0E+00
-1.557500E+00,+0.0E+00
-1.555000E+00,-322E-06
-1.552500E+00,+80E-06
-1.550000E+00,+161E-06
-1.547500E+00,-161E-06
-1.545000E+00,+161E-06
-1.542500E+00,-121E-06
-1.540000E+00,-0.0E+00
-1.537500E+00,-121E-06
-1.535000E+00,-80E-06
-1.532500E+00,-201E-06
-1.530000E+00,+161E-06
-1.527500E+00,-241E-06
-1.525000E+00,+80E-06
-1.522500E+00,+0.0E+00
-1.520000E+00,+322E-06
-1.517500E+00,-40E-06
-1.515000E+00,-241E-06
-1.512500E+00,-442E-06
-1.510000E+00,-161E-06
-1.507500E+00,-643E-06
-1.505000E+00,-80E-06
-1.502500E+00,+0.0E+00
-1.500000E+00,-161E-06
-1.497500E+00,-161E-06
-1.495000E+00,-241E-06
-1.492500E+00,-161E-06
-1.490000E+00,-482E-06
-1.487500E+00,-161E-06
-1.485000E+00,-0.0E+00
-1.482500E+00,-40E-06
-1.480000E+00,-322E-06
-1.477500E+00,+0.0E+00
-1.475000E+00,-161E-06
-1.472500E+00,-362E-06
-1.470000E+00,-161E-06
-1.467500E+00,-40E-06
-1.465000E+00,-161E-06
-1.462500E+00,+0.0E+00
-1.460000E+00,-0.0E+00
-1.457500E+00,-40E-06
-1.455000E+00,-161E-06
-1.452500E+00,-201E-06
-1.450000E+00,-482E-06
-1.447500E+00,-161E-06
-1.445000E+00,+0.0E+00
-1.442500E+00,-241E-06
-1.440000E+00,-161E-06
-1.437500E+00,+40E-06
-1.435000E+00,-402E-06
-1.432500E+00,-442E-06
-1.430000E+00,-0.0E+00
-1.427500E+00,-80E-06
-1.425000E+00,+0.0E+00
-1.422500E+00,-40E-06
-1.420000E+00,+0.0E+00
-1.417500E+00,+0.0E+00
-1.415000E+00,+0.0E+00
-1.412500E+00,-281E-06
-1.410000E+00,-482E-06
-1.407500E+00,-161E-06
-1.405000E+00,+0.0E+00
-1.402500E+00,-121E-06
-1.400000E+00,-0.0E+00
-1.397500E+00,-40E-06
-1.395000E+00,-80E-06
-1.392500E+00,-322E-06
-1.390000E+00,-322E-06
-1.387500E+00,-281E-06
-1.385000E+00,+80E-06
-1.382500E+00,-80E-06
-1.380000E+00,+0.0E+00
-1.377500E+00,-161E-06
-1.375000E+00,-80E-06
-1.372500E+00,-201E-06
-1.370000E+00,-161E-06
-1.367500E+00,-161E-06
-1.365000E+00,+80E-06
-1.362500E+00,-161E-06
-1.360000E+00,-322E-06
-1.357500E+00,-80E-06
-1.355000E+00,+0.0E+00
-1.352500E+00,-40E-06
-1.350000E+00,-322E-06
-1.347500E+00,-80E-06
-1.345000E+00,-80E-06
-1.342500E+00,-161E-06
-1.340000E+00,+161E-06
-1.337500E+00,-121E-06
-1.335000E+00,-80E-06
-1.332500E+00,-241E-06
-1.330000E+00,-322E-06
-1.327500E+00,-201E-06
-1.325000E+00,-161E-06
-1.322500E+00,-80E-06
-1.320000E+00,-322E-06
-1.317500E+00,-80E-06
-1.315000E+00,-80E-06
-1.312500E+00,-201E-06
-1.310000E+00,+0.0E+00
-1.307500E+00,-121E-06
-1.305000E+00,+0.0E+00
-1.302500E+00,-40E-06
-1.300000E+00,+0.0E+00
-1.297500E+00,+0.0E+00
-1.295000E+00,-80E-06
-1.292500E+00,-281E-06
-1.290000E+00,-322E-06
-1.287500E+00,-40E-06
-1.285000E+00,+0.0E+00
-1.282500E+00,-161E-06
-1.280000E+00,-322E-06
-1.277500E+00,+80E-06
-1.275000E+00,-241E-06
-1.272500E+00,-241E-06
-1.270000E+00,-482E-06
-1.267500E+00,-40E-06
-1.265000E+00,-80E-06
-1.262500E+00,+80E-06
-1.260000E+00,-322E-06
-1.257500E+00,-121E-06
-1.255000E+00,-80E-06
-1.252500E+00,-161E-06
-1.250000E+00,-161E-06
-1.247500E+00,-121E-06
-1.245000E+00,+0.0E+00
-1.242500E+00,+0.0E+00
-1.240000E+00,-322E-06
-1.237500E+00,-40E-06
-1.235000E+00,-161E-06
-1.232500E+00,-281E-06
-1.230000E+00,-322E-06
-1.227500E+00,-80E-06
-1.225000E+00,+80E-06
-1.222500E+00,-121E-06
-1.220000E+00,+0.0E+00
-1.217500E+00,+40E-06
-1.215000E+00,-241E-06
-1.212500E+00,-121E-06
-1.210000E+00,-0.0E+00
-1.207500E+00,-121E-06
-1.205000E+00,-161E-06
-1.202500E+00,-322E-06
-1.200000E+00,-0.0E+00
-1.197500E+00,-161E-06
-1.195000E+00,-161E-06
-1.192500E+00,-402E-06
-1.190000E+00,-161E-06
-1.187500E+00,-161E-06
-1.185000E+00,+161E-06
-1.182500E+00,-121E-06
-1.180000E+00,-0.0E+00
-1.177500E+00,-80E-06
-1.175000E+00,+0.0E+00
-1.172500E+00,-201E-06
-1.170000E+00,-161E-06
-1.167500E+00,-80E-06
-1.165000E+00,+80E-06
-1.162500E+00,-161E-06
-1.160000E+00,-0.0E+00
-1.157500E+00,-322E-06
-1.155000E+00,-241E-06
-1.152500E+00,-281E-06
-1.150000E+00,-322E-06
-1.147500E+00,-40E-06
-1.145000E+00,+0.0E+00
-1.142500E+00,-40E-06
-1.140000E+00,-161E-06
-1.137500E+00,-241E-06
-1.135000E+00,-241E-06
-1.132500E+00,-281E-06
-1.130000E+00,-0.0E+00
-1.127500E+00,-201E-06
-1.125000E+00,+80E-06
-1.122500E+00,-121E-06
-1.120000E+00,-161E-06
-1.117500E+00,+40E-06
-1.115000E+00,+0.0E+00
-1.112500E+00,-201E-06
-1.110000E+00,-322E-06
-1.107500E+00,-281E-06
-1.105000E+00,-0.0E+00
-1.102500E+00,+40E-06
-1.100000E+00,-0.0E+00
-1.097500E+00,-40E-06
-1.095000E+00,+80E-06
-1.092500E+00,-281E-06
-1.090000E+00,-161E-06
-1.087500E+00,-161E-06
-1.085000E+00,-80E-06
-1.082500E+00,+161E-06
-1.080000E+00,-161E-06
-1.077500E+00,+0.0E+00
-1.075000E+00,-161E-06
-1.072500E+00,-161E-06
-1.070000E+00,-161E-06
-1.067500E+00,-121E-06
-1.065000E+00,-80E-06
-1.062500E+00,-161E-06
-1.060000E+00,-322E-06
-1.057500E+00,-121E-06
-1.055000E+00,-241E-06
-1.052500E+00,-201E-06
-1.050000E+00,+161E-06
-1.047500E+00,-281E-06
-1.045000E+00,+0.0E+00
-1.042500E+00,+0.0E+00
-1.040000E+00,-0.0E+00
-1.037500E+00,-40E-06
-1.035000E+00,-241E-06
-1.032500E+00,-161E-06
-1.030000E+00,-161E-06
-1.027500E+00,-80E-06
-1.025000E+00,-80E-06
-1.022500E+00,+80E-06
-1.020000E+00,+161E-06
-1.017500E+00,-40E-06
-1.015000E+00,-80E-06
-1.012500E+00,-362E-06
-1.010000E+00,-161E-06
-1.007500E+00,+40E-06
-1.005000E+00,+80E-06
-1.002500E+00,+0.0E+00
-1.000000E+00,-161E-06
-997.500E-03,+80E-06
-995.000E-03,-80E-06
-992.500E-03,-40E-06
-990.000E-03,-161E-06
-987.500E-03,-161E-06
-985.000E-03,-0.0E+00
-982.500E-03,-161E-06
-980.000E-03,-161E-06
-977.500E-03,+161E-06
-975.000E-03,+0.0E+00
-972.500E-03,-40E-06
-970.000E-03,-161E-06
-967.500E-03,+0.0E+00
-965.000E-03,+80E-06
-962.500E-03,+121E-06
-960.000E-03,+161E-06
-957.500E-03,-161E-06
-955.000E-03,+0.0E+00
-952.500E-03,-201E-06
-950.000E-03,-161E-06
-947.500E-03,+0.0E+00
-945.000E-03,-161E-06
-942.500E-03,+40E-06
-940.000E-03,+0.0E+00
-937.500E-03,-322E-06
-935.000E-03,+0.0E+00
-932.500E-03,-201E-06
-930.000E-03,-322E-06
-927.500E-03,+121E-06
-925.000E-03,+0.0E+00
-922.500E-03,-40E-06
-920.000E-03,+0.0E+00
-917.500E-03,+161E-06
-915.000E-03,+80E-06
-912.500E-03,-40E-06
-910.000E-03,-482E-06
-907.500E-03,+80E-06
-905.000E-03,+0.0E+00
-902.500E-03,-40E-06
-900.000E-03,-0.0E+00
-897.500E-03,-201E-06
-895.000E-03,-161E-06
-892.500E-03,-201E-06
-890.000E-03,-0.0E+00
-887.500E-03,+161E-06
-885.000E-03,+0.0E+00
-882.500E-03,+161E-06
-880.000E-03,-0.0E+00
-877.500E-03,-161E-06
-875.000E-03,+0.0E+00
-872.500E-03,-201E-06
-870.000E-03,-161E-06
-867.500E-03,+0.0E+00
-865.000E-03,-80E-06
-862.500E-03,-40E-06
-860.000E-03,-322E-06
-857.500E-03,-161E-06
-855.000E-03,-161E-06
-852.500E-03,-121E-06
-850.000E-03,-322E-06
-847.500E-03,+0.0E+00
-845.000E-03,+161E-06
-842.500E-03,-40E-06
-840.000E-03,-322E-06
-837.500E-03,+0.0E+00
-835.000E-03,-241E-06
-832.500E-03,-241E-06
-830.000E-03,-322E-06
-827.500E-03,-241E-06
-825.000E-03,-80E-06
-822.500E-03,+0.0E+00
-820.000E-03,-322E-06
-817.500E-03,-80E-06
-815.000E-03,+0.0E+00
-812.500E-03,-241E-06
-810.000E-03,-0.0E+00
-807.500E-03,+0.0E+00
-805.000E-03,+80E-06
-802.500E-03,+40E-06
-800.000E-03,+161E-06
-797.500E-03,-80E-06
-795.000E-03,-161E-06
-792.500E-03,-201E-06
-790.000E-03,+161E-06
-787.500E-03,+0.0E+00
-785.000E-03,+0.0E+00
-782.500E-03,+161E-06
-780.000E-03,-161E-06
-777.500E-03,-161E-06
-775.000E-03,-80E-06
-772.500E-03,+0.0E+00
-770.000E-03,-0.0E+00
-767.500E-03,-241E-06
-765.000E-03,+0.0E+00
-762.500E-03,+241E-06
-760.000E-03,-0.0E+00
-757.500E-03,-40E-06
-755.000E-03,-241E-06
-752.500E-03,-281E-06
-750.000E-03,-161E-06
-747.500E-03,+40E-06
-745.000E-03,+80E-06
-742.500E-03,-241E-06
-740.000E-03,-161E-06
-737.500E-03,+0.0E+00
-735.000E-03,-80E-06
-732.500E-03,-241E-06
-730.000E-03,-161E-06
-727.500E-03,+40E-06
-725.000E-03,-80E-06
-722.500E-03,-241E-06
-720.000E-03,+0.0E+00
-717.500E-03,+0.0E+00
-715.000E-03,+0.0E+00
-712.500E-03,-161E-06
-710.000E-03,-161E-06
-707.500E-03,-40E-06
-705.000E-03,-80E-06
-702.500E-03,+80E-06
-700.000E-03,+322E-06
-697.500E-03,-201E-06
-695.000E-03,-80E-06
-692.500E-03,-161E-06
-690.000E-03,-161E-06
-687.500E-03,+161E-06
-685.000E-03,+80E-06
-682.500E-03,+0.0E+00
-680.000E-03,+0.0E+00
-677.500E-03,-161E-06
-675.000E-03,-80E-06
-672.500E-03,+80E-06
-670.000E-03,-322E-06
-667.500E-03,+0.0E+00
-665.000E-03,+0.0E+00
-662.500E-03,-161E-06
-660.000E-03,-0.0E+00
-657.500E-03,+40E-06
-655.000E-03,-80E-06
-652.500E-03,-482E-06
-650.000E-03,-0.0E+00
-647.500E-03,-121E-06
-645.000E-03,-161E-06
-642.500E-03,+201E-06
-640.000E-03,+0.0E+00
-637.500E-03,-322E-06
-635.000E-03,-241E-06
-632.500E-03,+161E-06
-630.000E-03,+161E-06
-627.500E-03,+40E-06
-625.000E-03,+80E-06
-622.500E-03,-121E-06
-620.000E-03,+0.0E+00
-617.500E-03,+40E-06
-615.000E-03,-80E-06
-612.500E-03,-161E-06
-610.000E-03,-322E-06
-607.500E-03,-80E-06
-605.000E-03,+0.0E+00
-602.500E-03,-40E-06
-600.000E-03,-0.0E+00
-597.500E-03,-40E-06
-595.000E-03,-161E-06
-592.500E-03,-40E-06
-590.000E-03,-0.0E+00
-587.500E-03,-121E-06
-585.000E-03,+0.0E+00
-582.500E-03,-241E-06
-580.000E-03,+161E-06
-577.500E-03,+40E-06
-575.000E-03,-80E-06
-572.500E-03,-402E-06
-570.000E-03,-322E-06
-567.500E-03,+0.0E+00
-565.000E-03,+80E-06
-562.500E-03,-40E-06
-560.000E-03,+0.0E+00
-557.500E-03,-121E-06
-555.000E-03,+80E-06
-552.500E-03,-201E-06
-550.000E-03,-161E-06
-547.500E-03,-40E-06
-545.000E-03,+161E-06
-542.500E-03,-362E-06
-540.000E-03,-0.0E+00
-537.500E-03,+0.0E+00
-535.000E-03,-0.0E+00
-532.500E-03,+40E-06
-530.000E-03,-161E-06
-527.500E-03,+0.0E+00
-525.000E-03,-0.0E+00
-522.500E-03,-161E-06
-520.000E-03,+0.0E+00
-517.500E-03,-161E-06
-515.000E-03,-161E-06
-512.500E-03,-40E-06
-510.000E-03,-161E-06
-507.500E-03,+0.0E+00
-505.000E-03,+0.0E+00
-502.500E-03,-80E-06
-500.000E-03,-0.0E+00
-497.500E-03,-161E-06
-495.000E-03,-80E-06
-492.500E-03,-161E-06
-490.000E-03,+161E-06
-487.500E-03,+0.0E+00
-485.000E-03,+0.0E+00
-482.500E-03,-161E-06
-480.000E-03,+0.0E+00
-477.500E-03,+40E-06
-475.000E-03,-80E-06
-472.500E-03,+121E-06
-470.000E-03,-161E-06
-467.500E-03,-40E-06
-465.000E-03,-80E-06
-462.500E-03,-281E-06
-460.000E-03,-161E-06
-457.500E-03,-80E-06
-455.000E-03,-0.0E+00
-452.500E-03,-362E-06
-450.000E-03,-161E-06
-447.500E-03,-80E-06
-445.000E-03,+161E-06
-442.500E-03,-161E-06
-440.000E-03,-0.0E+00
-437.500E-03,-161E-06
-435.000E-03,+0.0E+00
-432.500E-03,-201E-06
-430.000E-03,-322E-06
-427.500E-03,+241E-06
-425.000E-03,-0.0E+00
-422.500E-03,-40E-06
-420.000E-03,-482E-06
-417.500E-03,+40E-06
-415.000E-03,-241E-06
-412.500E-03,-241E-06
-410.000E-03,-0.0E+00
-407.500E-03,+121E-06
-405.000E-03,-0.0E+00
-402.500E-03,-80E-06
-400.000E-03,+0.0E+00
-397.500E-03,-241E-06
-395.000E-03,-0.0E+00
-392.500E-03,-322E-06
-390.000E-03,-161E-06
-387.500E-03,-161E-06
-385.000E-03,+80E-06
-382.500E-03,+0.0E+00
-380.000E-03,-0.0E+00
-377.500E-03,-241E-06
-375.000E-03,-161E-06
-372.500E-03,-281E-06
-370.000E-03,-161E-06
-367.500E-03,+161E-06
-365.000E-03,+0.0E+00
-362.500E-03,-80E-06
-360.000E-03,-161E-06
-357.500E-03,-241E-06
-355.000E-03,-241E-06
-352.500E-03,-402E-06
-350.000E-03,-0.0E+00
-347.500E-03,+40E-06
-345.000E-03,+80E-06
-342.500E-03,-241E-06
-340.000E-03,-482E-06
-337.500E-03,-121E-06
-335.000E-03,-80E-06
-332.500E-03,-482E-06
-330.000E-03,-322E-06
-327.500E-03,-161E-06
-325.000E-03,-80E-06
-322.500E-03,-121E-06
-320.000E-03,-0.0E+00
-317.500E-03,-80E-06
-315.000E-03,-161E-06
-312.500E-03,-201E-06
-310.000E-03,-322E-06
-307.500E-03,+161E-06
-305.000E-03,-80E-06
-302.500E-03,+0.0E+00
-300.000E-03,-322E-06
-297.500E-03,+40E-06
-295.000E-03,-80E-06
-292.500E-03,-161E-06
-290.000E-03,-161E-06
-287.500E-03,+121E-06
-285.000E-03,+80E-06
-282.500E-03,-121E-06
-280.000E-03,-322E-06
-277.500E-03,-121E-06
-275.000E-03,+0.0E+00
-272.500E-03,-80E-06
-270.000E-03,-322E-06
-267.500E-03,-40E-06
-265.000E-03,-80E-06
-262.500E-03,-80E-06
-260.000E-03,-0.0E+00
-257.500E-03,-241E-06
-255.000E-03,+0.0E+00
-252.500E-03,-402E-06
-250.000E-03,-161E-06
-247.500E-03,+0.0E+00
-245.000E-03,-80E-06
-242.500E-03,-402E-06
-240.000E-03,-161E-06
-237.500E-03,-40E-06
-235.000E-03,-241E-06
-232.500E-03,-201E-06
-230.000E-03,-482E-06
-227.500E-03,+40E-06
-225.000E-03,-161E-06
-222.500E-03,-322E-06
-220.000E-03,-0.0E+00
-217.500E-03,+40E-06
-215.000E-03,-161E-06
-212.500E-03,-161E-06
-210.000E-03,+0.0E+00
-207.500E-03,-241E-06
-205.000E-03,-80E-06
-202.500E-03,-241E-06
-200.000E-03,+161E-06
-197.500E-03,+0.0E+00
-195.000E-03,-80E-06
-192.500E-03,-80E-06
-190.000E-03,-0.0E+00
-187.500E-03,+0.0E+00
-185.000E-03,-80E-06
-182.500E-03,-402E-06
-180.000E-03,-161E-06
-177.500E-03,+40E-06
-175.000E-03,-161E-06
-172.500E-03,+0.0E+00
-170.000E-03,+161E-06
-167.500E-03,+40E-06
-165.000E-03,-80E-06
-162.500E-03,-241E-06
-160.000E-03,-161E-06
-157.500E-03,+40E-06
-155.000E-03,-161E-06
-152.500E-03,-241E-06
-150.000E-03,+0.0E+00
-147.500E-03,-40E-06
-145.000E-03,-241E-06
-142.500E-03,-161E-06
-140.000E-03,-161E-06
-137.500E-03,-322E-06
-135.000E-03,+0.0E+00
-132.500E-03,-402E-06
-130.000E-03,+0.0E+00
-127.500E-03,+0.0E+00
-125.000E-03,-80E-06
-122.500E-03,-40E-06
-120.000E-03,+0.0E+00
-117.500E-03,-40E-06
-115.000E-03,-80E-06
-112.500E-03,-402E-06
-110.000E-03,+0.0E+00
-107.500E-03,-121E-06
-105.000E-03,+80E-06
-102.500E-03,-241E-06
-100.000E-03,+0.0E+00
-97.500E-03,+0.0E+00
-95.000E-03,+0.0E+00
-92.500E-03,-121E-06
-90.000E-03,-161E-06
-87.500E-03,-161E-06
-85.000E-03,-161E-06
-82.500E-03,-161E-06
-80.000E-03,-161E-06
-77.500E-03,-40E-06
-75.000E-03,-161E-06
-72.500E-03,-201E-06
-70.000E-03,+161E-06
-67.500E-03,+0.0E+00
-65.000E-03,-80E-06
-62.500E-03,-161E-06
-60.000E-03,-0.0E+00
-57.500E-03,-121E-06
-55.000E-03,-161E-06
-52.500E-03,-201E-06
-50.000E-03,-322E-06
-47.500E-03,+121E-06
-45.000E-03,+80E-06
-42.500E-03,+40E-06
-40.000E-03,-161E-06
-37.500E-03,-201E-06
-35.000E-03,+0.0E+00
-32.500E-03,-121E-06
-30.000E-03,-161E-06
-27.500E-03,-80E-06
-25.000E-03,-80E-06
-22.500E-03,+0.0E+00
-20.000E-03,+161E-06
-17.500E-03,+80E-06
-15.000E-03,+80E-06
-12.500E-03,-161E-06
-10.000E-03,-161E-06
-7.500E-03,-80E-06
-5.000E-03,-161E-06
-2.500E-03,-40E-06
-0.0E+00,-161E-06
+2.500E-03,+40E-06
+5.000E-03,-80E-06
+7.500E-03,-201E-06
+10.000E-03,+0.0E+00
+12.500E-03,+80E-06
+15.000E-03,-80E-06
+17.500E-03,-402E-06
+20.000E-03,-322E-06
+22.500E-03,+161E-06
+25.000E-03,+0.0E+00
+27.500E-03,-161E-06
+30.000E-03,-161E-06
+32.500E-03,-281E-06
+35.000E-03,+0.0E+00
+37.500E-03,-40E-06
+40.000E-03,-161E-06
+42.500E-03,+40E-06
+45.000E-03,-161E-06
+47.500E-03,-281E-06
+50.000E-03,-482E-06
+52.500E-03,-80E-06
+55.000E-03,-80E-06
+57.500E-03,-40E-06
+60.000E-03,-161E-06
+62.500E-03,+40E-06
+65.000E-03,+80E-06
+67.500E-03,-201E-06
+70.000E-03,-0.0E+00
+72.500E-03,+0.0E+00
+75.000E-03,-161E-06
+77.500E-03,-40E-06
+80.000E-03,+161E-06
+82.500E-03,+40E-06
+85.000E-03,+161E-06
+87.500E-03,-322E-06
+90.000E-03,-161E-06
+92.500E-03,-121E-06
+95.000E-03,-241E-06
+97.500E-03,-281E-06
+100.000E-03,+0.0E+00
+102.500E-03,+80E-06
+105.000E-03,-80E-06
+107.500E-03,-281E-06
+110.000E-03,-0.0E+00
+112.500E-03,+241E-06
+115.000E-03,+80E-06
+117.500E-03,-161E-06
+120.000E-03,-161E-06
+122.500E-03,+80E-06
+125.000E-03,+80E-06
+127.500E-03,-121E-06
+130.000E-03,-0.0E+00
+132.500E-03,-80E-06
+135.000E-03,-322E-06
+137.500E-03,-201E-06
+140.000E-03,-322E-06
+142.500E-03,-402E-06
+145.000E-03,-80E-06
+147.500E-03,-40E-06
+150.000E-03,-161E-06
+152.500E-03,+121E-06
+155.000E-03,-161E-06
+157.500E-03,-322E-06
+160.000E-03,+0.0E+00
+162.500E-03,+161E-06
+165.000E-03,-80E-06
+167.500E-03,-40E-06
+170.000E-03,-322E-06
+172.500E-03,+161E-06
+175.000E-03,+80E-06
+177.500E-03,+40E-06
+180.000E-03,+161E-06
+182.500E-03,+80E-06
+185.000E-03,+0.0E+00
+187.500E-03,-281E-06
+190.000E-03,-0.0E+00
+192.500E-03,-241E-06
+195.000E-03,-161E-06
+197.500E-03,+0.0E+00
+200.000E-03,-161E-06
+202.500E-03,-121E-06
+205.000E-03,+0.0E+00
+207.500E-03,-121E-06
+210.000E-03,-161E-06
+212.500E-03,+201E-06
+215.000E-03,-161E-06
+217.500E-03,+161E-06
+220.000E-03,-161E-06
+222.500E-03,-121E-06
+225.000E-03,-161E-06
+227.500E-03,-40E-06
+230.000E-03,-322E-06
+232.500E-03,-121E-06
+235.000E-03,+80E-06
+237.500E-03,+40E-06
+240.000E-03,-0.0E+00
+242.500E-03,-121E-06
+245.000E-03,+0.0E+00
+247.500E-03,-40E-06
+250.000E-03,+161E-06
+252.500E-03,+0.0E+00
+255.000E-03,-80E-06
+257.500E-03,-281E-06
+260.000E-03,-0.0E+00
+262.500E-03,+0.0E+00
+265.000E-03,-80E-06
+267.500E-03,-161E-06
+270.000E-03,-322E-06
+272.500E-03,-80E-06
+275.000E-03,-80E-06
+277.500E-03,-121E-06
+280.000E-03,+0.0E+00
+282.500E-03,+0.0E+00
+285.000E-03,-80E-06
+287.500E-03,-402E-06
+290.000E-03,-322E-06
+292.500E-03,-40E-06
+295.000E-03,-241E-06
+297.500E-03,-241E-06
+300.000E-03,-0.0E+00
+302.500E-03,-241E-06
+305.000E-03,-161E-06
+307.500E-03,-281E-06
+310.000E-03,-161E-06
+312.500E-03,-161E-06
+315.000E-03,+161E-06
+317.500E-03,-281E-06
+320.000E-03,-161E-06
+322.500E-03,-80E-06
+325.000E-03,-80E-06
+327.500E-03,-241E-06
+330.000E-03,-322E-06
+332.500E-03,+0.0E+00
+335.000E-03,-241E-06
+337.500E-03,-121E-06
+340.000E-03,+161E-06
+342.500E-03,+161E-06
+345.000E-03,+0.0E+00
+347.500E-03,-161E-06
+350.000E-03,-161E-06
+352.500E-03,-201E-06
+355.000E-03,+161E-06
+357.500E-03,+80E-06
+360.000E-03,+161E-06
+362.500E-03,+80E-06
+365.000E-03,-80E-06
+367.500E-03,-121E-06
+370.000E-03,-322E-06
+372.500E-03,-121E-06
+375.000E-03,-80E-06
+377.500E-03,+0.0E+00
+380.000E-03,-161E-06
+382.500E-03,-161E-06
+385.000E-03,-80E-06
+387.500E-03,-201E-06
+390.000E-03,-161E-06
+392.500E-03,+80E-06
+395.000E-03,+0.0E+00
+397.500E-03,+0.0E+00
+400.000E-03,+161E-06
+402.500E-03,-161E-06
+405.000E-03,-80E-06
+407.500E-03,-281E-06
+410.000E-03,-322E-06
+412.500E-03,-161E-06
+415.000E-03,-161E-06
+417.500E-03,-80E-06
+420.000E-03,-322E-06
+422.500E-03,-161E-06
+425.000E-03,+0.0E+00
+427.500E-03,-121E-06
+430.000E-03,-482E-06
+432.500E-03,-121E-06
+435.000E-03,+0.0E+00
+437.500E-03,-161E-06
+440.000E-03,-0.0E+00
+442.500E-03,-121E-06
+445.000E-03,+161E-06
+447.500E-03,-281E-06
+450.000E-03,+0.0E+00
+452.500E-03,-241E-06
+455.000E-03,-161E-06
+457.500E-03,-40E-06
+460.000E-03,+0.0E+00
+462.500E-03,-80E-06
+465.000E-03,+80E-06
+467.500E-03,-201E-06
+470.000E-03,-0.0E+00
+472.500E-03,-121E-06
+475.000E-03,-161E-06
+477.500E-03,-80E-06
+480.000E-03,+161E-06
+482.500E-03,-80E-06
+485.000E-03,-241E-06
+487.500E-03,-121E-06
+490.000E-03,-0.0E+00
+492.500E-03,-40E-06
+495.000E-03,-80E-06
+497.500E-03,+0.0E+00
+500.000E-03,-161E-06
+502.500E-03,+40E-06
+505.000E-03,-161E-06
+507.500E-03,-201E-06
+510.000E-03,-161E-06
+512.500E-03,+0.0E+00
+515.000E-03,-322E-06
+517.500E-03,+161E-06
+520.000E-03,-161E-06
+522.500E-03,-80E-06
+525.000E-03,-80E-06
+527.500E-03,-161E-06
+530.000E-03,-0.0E+00
+532.500E-03,+80E-06
+535.000E-03,-80E-06
+537.500E-03,-241E-06
+540.000E-03,+0.0E+00
+542.500E-03,+0.0E+00
+545.000E-03,-161E-06
+547.500E-03,-161E-06
+550.000E-03,-161E-06
+552.500E-03,-161E-06
+555.000E-03,-80E-06
+557.500E-03,+0.0E+00
+560.000E-03,-161E-06
+562.500E-03,-121E-06
+565.000E-03,-161E-06
+567.500E-03,-402E-06
+570.000E-03,-0.0E+00
+572.500E-03,-201E-06
+575.000E-03,-161E-06
+577.500E-03,-80E-06
+580.000E-03,-0.0E+00
+582.500E-03,+40E-06
+585.000E-03,-80E-06
+587.500E-03,-442E-06
+590.000E-03,-322E-06
+592.500E-03,+80E-06
+595.000E-03,-161E-06
+597.500E-03,-121E-06
+600.000E-03,+161E-06
+602.500E-03,+0.0E+00
+605.000E-03,+80E-06
+607.500E-03,-201E-06
+610.000E-03,+0.0E+00
+612.500E-03,+0.0E+00
+615.000E-03,-241E-06
+617.500E-03,+80E-06
+620.000E-03,-161E-06
+622.500E-03,-80E-06
+625.000E-03,-80E-06
+627.500E-03,-241E-06
+630.000E-03,-0.0E+00
+632.500E-03,-161E-06
+635.000E-03,+0.0E+00
+637.500E-03,+40E-06
+640.000E-03,-161E-06
+642.500E-03,-121E-06
+645.000E-03,-161E-06
+647.500E-03,-322E-06
+650.000E-03,-0.0E+00
+652.500E-03,-80E-06
+655.000E-03,+80E-06
+657.500E-03,-241E-06
+660.000E-03,+161E-06
+662.500E-03,-121E-06
+665.000E-03,-161E-06
+667.500E-03,-442E-06
+670.000E-03,-322E-06
+672.500E-03,-121E-06
+675.000E-03,-80E-06
+677.500E-03,+80E-06
+680.000E-03,+161E-06
+682.500E-03,-201E-06
+685.000E-03,-161E-06
+687.500E-03,-563E-06
+690.000E-03,-161E-06
+692.500E-03,-161E-06
+695.000E-03,+0.0E+00
+697.500E-03,-241E-06
+700.000E-03,+0.0E+00
+702.500E-03,-40E-06
+705.000E-03,+80E-06
+707.500E-03,-241E-06
+710.000E-03,-161E-06
+712.500E-03,-80E-06
+715.000E-03,-161E-06
+717.500E-03,+40E-06
+720.000E-03,-161E-06
+722.500E-03,-241E-06
+725.000E-03,-161E-06
+727.500E-03,-80E-06
+730.000E-03,-161E-06
+732.500E-03,+0.0E+00
+735.000E-03,-80E-06
+737.500E-03,-40E-06
+740.000E-03,-161E-06
+742.500E-03,+281E-06
+745.000E-03,-241E-06
+747.500E-03,-241E-06
+750.000E-03,-161E-06
+752.500E-03,-281E-06
+755.000E-03,-80E-06
+757.500E-03,-121E-06
+760.000E-03,+161E-06
+762.500E-03,+80E-06
+765.000E-03,-161E-06
+767.500E-03,-442E-06
+770.000E-03,-322E-06
+772.500E-03,-80E-06
+775.000E-03,-322E-06
+777.500E-03,-121E-06
+780.000E-03,-161E-06
+782.500E-03,-241E-06
+785.000E-03,-241E-06
+787.500E-03,-161E-06
+790.000E-03,-161E-06
+792.500E-03,-201E-06
+795.000E-03,-241E-06
+797.500E-03,+0.0E+00
+800.000E-03,+0.0E+00
+802.500E-03,+0.0E+00
+805.000E-03,-80E-06
+807.500E-03,-161E-06
+810.000E-03,-161E-06
+812.500E-03,+0.0E+00
+815.000E-03,-241E-06
+817.500E-03,-161E-06
+820.000E-03,+0.0E+00
+822.500E-03,-121E-06
+825.000E-03,-161E-06
+827.500E-03,-80E-06
+830.000E-03,-322E-06
+832.500E-03,-201E-06
+835.000E-03,-161E-06
+837.500E-03,+80E-06
+840.000E-03,-161E-06
+842.500E-03,-80E-06
+845.000E-03,-161E-06
+847.500E-03,-362E-06
+850.000E-03,-322E-06
+852.500E-03,-603E-06
+855.000E-03,+80E-06
+857.500E-03,-40E-06
+860.000E-03,-0.0E+00
+862.500E-03,+0.0E+00
+865.000E-03,+80E-06
+867.500E-03,-80E-06
+870.000E-03,-161E-06
+872.500E-03,-40E-06
+875.000E-03,-161E-06
+877.500E-03,-161E-06
+880.000E-03,+161E-06
+882.500E-03,+161E-06
+885.000E-03,-322E-06
+887.500E-03,-121E-06
+890.000E-03,-322E-06
+892.500E-03,-40E-06
+895.000E-03,-80E-06
+897.500E-03,-40E-06
+900.000E-03,+0.0E+00
+902.500E-03,-241E-06
+905.000E-03,-241E-06
+907.500E-03,-201E-06
+910.000E-03,-161E-06
+912.500E-03,-40E-06
+915.000E-03,+0.0E+00
+917.500E-03,-80E-06
+920.000E-03,+0.0E+00
+922.500E-03,-161E-06
+925.000E-03,+80E-06
+927.500E-03,-201E-06
+930.000E-03,-161E-06
+932.500E-03,-40E-06
+935.000E-03,-161E-06
+937.500E-03,-121E-06
+940.000E-03,-0.0E+00
+942.500E-03,+0.0E+00
+945.000E-03,-241E-06
+947.500E-03,-362E-06
+950.000E-03,-161E-06
+952.500E-03,-241E-06
+955.000E-03,-161E-06
+957.500E-03,-80E-06
+960.000E-03,+0.0E+00
+962.500E-03,-40E-06
+965.000E-03,-402E-06
+967.500E-03,-322E-06
+970.000E-03,-322E-06
+972.500E-03,-40E-06
+975.000E-03,-80E-06
+977.500E-03,-121E-06
+980.000E-03,+0.0E+00
+982.500E-03,-161E-06
+985.000E-03,-322E-06
+987.500E-03,-201E-06
+990.000E-03,-161E-06
+992.500E-03,-121E-06
+995.000E-03,-0.0E+00
+997.500E-03,-80E-06
+1.000000E+00,+0.0E+00
+1.002500E+00,-161E-06
+1.005000E+00,-161E-06
+1.007500E+00,-281E-06
+1.010000E+00,-161E-06
+1.012500E+00,-80E-06
+1.015000E+00,-80E-06
+1.017500E+00,-121E-06
+1.020000E+00,+0.0E+00
+1.022500E+00,+80E-06
+1.025000E+00,-80E-06
+1.027500E+00,-161E-06
+1.030000E+00,-643E-06
+1.032500E+00,-161E-06
+1.035000E+00,-161E-06
+1.037500E+00,-80E-06
+1.040000E+00,-0.0E+00
+1.042500E+00,-161E-06
+1.045000E+00,+0.0E+00
+1.047500E+00,-80E-06
+1.050000E+00,-482E-06
+1.052500E+00,-121E-06
+1.055000E+00,-80E-06
+1.057500E+00,+0.0E+00
+1.060000E+00,-161E-06
+1.062500E+00,-80E-06
+1.065000E+00,-161E-06
+1.067500E+00,-362E-06
+1.070000E+00,-322E-06
+1.072500E+00,+0.0E+00
+1.075000E+00,-80E-06
+1.077500E+00,-201E-06
+1.080000E+00,+0.0E+00
+1.082500E+00,-40E-06
+1.085000E+00,-161E-06
+1.087500E+00,-241E-06
+1.090000E+00,-322E-06
+1.092500E+00,+0.0E+00
+1.095000E+00,-80E-06
+1.097500E+00,+40E-06
+1.100000E+00,+0.0E+00
+1.102500E+00,-201E-06
+1.105000E+00,-80E-06
+1.107500E+00,-322E-06
+1.110000E+00,-161E-06
+1.112500E+00,-121E-06
+1.115000E+00,+80E-06
+1.117500E+00,-161E-06
+1.120000E+00,-161E-06
+1.122500E+00,+121E-06
+1.125000E+00,-241E-06
+1.127500E+00,-241E-06
+1.130000E+00,-161E-06
+1.132500E+00,-40E-06
+1.135000E+00,-322E-06
+1.137500E+00,-80E-06
+1.140000E+00,+161E-06
+1.142500E+00,-161E-06
+1.145000E+00,-402E-06
+1.147500E+00,-241E-06
+1.150000E+00,+161E-06
+1.152500E+00,-281E-06
+1.155000E+00,-80E-06
+1.157500E+00,-80E-06
+1.160000E+00,-0.0E+00
+1.162500E+00,+161E-06
+1.165000E+00,-322E-06
+1.167500E+00,-362E-06
+1.170000E+00,-322E-06
+1.172500E+00,-121E-06
+1.175000E+00,-80E-06
+1.177500E+00,+0.0E+00
+1.180000E+00,+161E-06
+1.182500E+00,-161E-06
+1.185000E+00,-80E-06
+1.187500E+00,-121E-06
+1.190000E+00,-482E-06
+1.192500E+00,-40E-06
+1.195000E+00,-241E-06
+1.197500E+00,+0.0E+00
+1.200000E+00,-161E-06
+1.202500E+00,-281E-06
+1.205000E+00,-161E-06
+1.207500E+00,-442E-06
+1.210000E+00,-161E-06
+1.212500E+00,+40E-06
+1.215000E+00,+0.0E+00
+1.217500E+00,+0.0E+00
+1.220000E+00,-0.0E+00
+1.222500E+00,-40E-06
+1.225000E+00,-161E-06
+1.227500E+00,-121E-06
+1.230000E+00,-161E-06
+1.232500E+00,+0.0E+00
+1.235000E+00,-80E-06
+1.237500E+00,+0.0E+00
+1.240000E+00,+0.0E+00
+1.242500E+00,-121E-06
+1.245000E+00,-80E-06
+1.247500E+00,-362E-06
+1.250000E+00,-322E-06
+1.252500E+00,-241E-06
+1.255000E+00,+80E-06
+1.257500E+00,+121E-06
+1.260000E+00,+161E-06
+1.262500E+00,-161E-06
+1.265000E+00,-0.0E+00
+1.267500E+00,-0.0E+00
+1.270000E+00,-161E-06
+1.272500E+00,-40E-06
+1.275000E+00,+80E-06
+1.277500E+00,+0.0E+00
+1.280000E+00,-322E-06
+1.282500E+00,+0.0E+00
+1.285000E+00,-80E-06
+1.287500E+00,-80E-06
+1.290000E+00,-322E-06
+1.292500E+00,+121E-06
+1.295000E+00,+80E-06
+1.297500E+00,+0.0E+00
+1.300000E+00,+0.0E+00
+1.302500E+00,-121E-06
+1.305000E+00,-241E-06
+1.307500E+00,-442E-06
+1.310000E+00,-322E-06
+1.312500E+00,-121E-06
+1.315000E+00,-161E-06
+1.317500E+00,-121E-06
+1.320000E+00,-161E-06
+1.322500E+00,-80E-06
+1.325000E+00,-241E-06
+1.327500E+00,-281E-06
+1.330000E+00,-161E-06
+1.332500E+00,-40E-06
+1.335000E+00,-80E-06
+1.337500E+00,-281E-06
+1.340000E+00,-0.0E+00
+1.342500E+00,-40E-06
+1.345000E+00,-322E-06
+1.347500E+00,-201E-06
+1.350000E+00,-322E-06
+1.352500E+00,-161E-06
+1.355000E+00,-80E-06
+1.357500E+00,+40E-06
+1.360000E+00,-161E-06
+1.362500E+00,-121E-06
+1.365000E+00,-161E-06
+1.367500E+00,-201E-06
+1.370000E+00,-161E-06
+1.372500E+00,-80E-06
+1.375000E+00,-161E-06
+1.377500E+00,-241E-06
+1.380000E+00,+161E-06
+1.382500E+00,+80E-06
+1.385000E+00,-161E-06
+1.387500E+00,-281E-06
+1.390000E+00,-0.0E+00
+1.392500E+00,-161E-06
+1.395000E+00,-161E-06
+1.397500E+00,-201E-06
+1.400000E+00,-161E-06
+1.402500E+00,+80E-06
+1.405000E+00,-241E-06
+1.407500E+00,-442E-06
+1.410000E+00,-322E-06
+1.412500E+00,+161E-06
+1.415000E+00,-80E-06
+1.417500E+00,+0.0E+00
+1.420000E+00,-161E-06
+1.422500E+00,-40E-06
+1.425000E+00,-241E-06
+1.427500E+00,-40E-06
+1.430000E+00,+0.0E+00
+1.432500E+00,+80E-06
+1.435000E+00,-161E-06
+1.437500E+00,-161E-06
+1.440000E+00,-161E-06
+1.442500E+00,-241E-06
+1.445000E+00,-241E-06
+1.447500E+00,-362E-06
+1.450000E+00,-482E-06
+1.452500E+00,+80E-06
+1.455000E+00,-161E-06
+1.457500E+00,+0.0E+00
+1.460000E+00,-161E-06
+1.462500E+00,+241E-06
+1.465000E+00,-241E-06
+1.467500E+00,-322E-06
+1.470000E+00,-322E-06
+1.472500E+00,+121E-06
+1.475000E+00,+80E-06
+1.477500E+00,+0.0E+00
+1.480000E+00,-161E-06
+1.482500E+00,-121E-06
+1.485000E+00,-322E-06
+1.487500E+00,-161E-06
+1.490000E+00,-482E-06
+1.492500E+00,-201E-06
+1.495000E+00,-80E-06
+1.497500E+00,+0.0E+00
+1.500000E+00,-0.0E+00
+1.502500E+00,+0.0E+00
+1.505000E+00,-241E-06
+1.507500E+00,-201E-06
+1.510000E+00,-322E-06
+1.512500E+00,+0.0E+00
+1.515000E+00,+80E-06
+1.517500E+00,-40E-06
+1.520000E+00,-161E-06
+1.522500E+00,+121E-06
+1.525000E+00,-402E-06
+1.527500E+00,-362E-06
+1.530000E+00,-161E-06
+1.532500E+00,-80E-06
+1.535000E+00,-161E-06
+1.537500E+00,+40E-06
+1.540000E+00,+161E-06
+1.542500E+00,+0.0E+00
+1.545000E+00,-0.0E+00
+1.547500E+00,-281E-06
+1.550000E+00,-161E-06
+1.552500E+00,+121E-06
+1.555000E+00,-241E-06
+1.557500E+00,-241E-06
+1.560000E+00,+0.0E+00
+1.562500E+00,-40E-06
+1.565000E+00,-241E-06
+1.567500E+00,-442E-06
+1.570000E+00,-161E-06
+1.572500E+00,+0.0E+00
+1.575000E+00,-80E-06
+1.577500E+00,-281E-06
+1.580000E+00,+161E-06
+1.582500E+00,-281E-06
+1.585000E+00,-241E-06
+1.587500E+00,-281E-06
+1.590000E+00,-161E-06
+1.592500E+00,-40E-06
+1.595000E+00,+0.0E+00
+1.597500E+00,-80E-06
+1.600000E+00,+0.0E+00
+1.602500E+00,-161E-06
+1.605000E+00,-402E-06
+1.607500E+00,-281E-06
+1.610000E+00,-161E-06
+1.612500E+00,+40E-06
+1.615000E+00,-241E-06
+1.617500E+00,+121E-06
+1.620000E+00,-161E-06
+1.622500E+00,-121E-06
+1.625000E+00,-161E-06
+1.627500E+00,-322E-06
+1.630000E+00,-322E-06
+1.632500E+00,-161E-06
+1.635000E+00,+0.0E+00
+1.637500E+00,+322E-06
+1.640000E+00,+161E-06
+1.642500E+00,-121E-06
+1.645000E+00,-241E-06
+1.647500E+00,-362E-06
+1.650000E+00,-322E-06
+1.652500E+00,-201E-06
+1.655000E+00,-322E-06
+1.657500E+00,-121E-06
+1.660000E+00,+0.0E+00
+1.662500E+00,-40E-06
+1.665000E+00,-241E-06
+1.667500E+00,-161E-06
+1.670000E+00,-482E-06
+1.672500E+00,-80E-06
+1.675000E+00,+0.0E+00
+1.677500E+00,+80E-06
+1.680000E+00,+161E-06
+1.682500E+00,+121E-06
+1.685000E+00,-402E-06
+1.687500E+00,+0.0E+00
+1.690000E+00,-161E-06
+1.692500E+00,+80E-06
+1.695000E+00,-161E-06
+1.697500E+00,+0.0E+00
+1.700000E+00,-161E-06
+1.702500E+00,-241E-06
+1.705000E+00,-402E-06
+1.707500E+00,-40E-06
+1.710000E+00,-322E-06
+1.712500E+00,+0.0E+00
+1.715000E+00,-80E-06
+1.717500E+00,+40E-06
+1.720000E+00,+0.0E+00
+1.722500E+00,+80E-06
+1.725000E+00,-402E-06
+1.727500E+00,-322E-06
+1.730000E+00,-161E-06
+1.732500E+00,+121E-06
+1.735000E+00,+80E-06
+1.737500E+00,+40E-06
+1.740000E+00,+161E-06
+1.742500E+00,+0.0E+00
+1.745000E+00,-322E-06
+1.747500E+00,-161E-06
+1.750000E+00,+0.0E+00
+1.752500E+00,+322E-06
+1.755000E+00,-161E-06
+1.757500E+00,-281E-06
+1.760000E+00,+161E-06
+1.762500E+00,-40E-06
+1.765000E+00,-322E-06
+1.767500E+00,-241E-06
+1.770000E+00,-0.0E+00
+1.772500E+00,-80E-06
+1.775000E+00,+80E-06
+1.777500E+00,+161E-06
+1.780000E+00,+161E-06
+1.782500E+00,-161E-06
+1.785000E+00,-161E-06
+1.787500E+00,-161E-06
+1.790000E+00,-482E-06
+1.792500E+00,+0.0E+00
+1.795000E+00,-241E-06
+1.797500E+00,+201E-06
+1.800000E+00,+0.0E+00
+1.802500E+00,+241E-06
+1.805000E+00,-322E-06
+1.807500E+00,-281E-06
+1.810000E+00,+0.0E+00
+1.812500E+00,+0.0E+00
+1.815000E+00,+80E-06
+1.817500E+00,+40E-06
+1.820000E+00,-0.0E+00
+1.822500E+00,+121E-06
+1.825000E+00,-402E-06
+1.827500E+00,-201E-06
+1.830000E+00,-322E-06
+1.832500E+00,-121E-06
+1.835000E+00,-80E-06
+1.837500E+00,-80E-06
+1.840000E+00,+161E-06
+1.842500E+00,-121E-06
+1.845000E+00,-241E-06
+1.847500E+00,-201E-06
+1.850000E+00,-0.0E+00
+1.852500E+00,+121E-06
+1.855000E+00,-241E-06
+1.857500E+00,+201E-06
+1.860000E+00,+161E-06
+1.862500E+00,+161E-06
+1.865000E+00,-322E-06
+1.867500E+00,-322E-06
+1.870000E+00,-161E-06
+1.872500E+00,-80E-06
+1.875000E+00,-161E-06
+1.877500E+00,-121E-06
+1.880000E+00,-322E-06
+1.882500E+00,-80E-06
+1.885000E+00,-322E-06
+1.887500E+00,-121E-06
+1.890000E+00,-0.0E+00
+1.892500E+00,+40E-06
+1.895000E+00,-161E-06
+1.897500E+00,+0.0E+00
+1.900000E+00,+161E-06
+1.902500E+00,-161E-06
+1.905000E+00,+0.0E+00
+1.907500E+00,-241E-06
+1.910000E+00,-161E-06
+1.912500E+00,+121E-06
+1.915000E+00,-161E-06
+1.917500E+00,+121E-06
+1.920000E+00,-161E-06
+1.922500E+00,+80E-06
+1.925000E+00,-322E-06
+1.927500E+00,-201E-06
+1.930000E+00,-161E-06
+1.932500E+00,-201E-06
+1.935000E+00,-241E-06
+1.937500E+00,-40E-06
+1.940000E+00,+0.0E+00
+1.942500E+00,-121E-06
+1.945000E+00,-80E-06
+1.947500E+00,+0.0E+00
+1.950000E+00,-0.0E+00
+1.952500E+00,-161E-06
+1.955000E+00,-80E-06
+1.957500E+00,-40E-06
+1.960000E+00,-161E-06
+1.962500E+00,-201E-06
+1.965000E+00,-80E-06
+1.967500E+00,-322E-06
+1.970000E+00,-161E-06
+1.972500E+00,-201E-06
+1.975000E+00,+80E-06
+1.977500E+00,+0.0E+00
+1.980000E+00,-161E-06
+1.982500E+00,-40E-06
+1.985000E+00,-322E-06
+1.987500E+00,-201E-06
+1.990000E+00,-161E-06
+1.992500E+00,-40E-06
+1.995000E+00,-80E-06
+1.997500E+00,+40E-06
+2.000000E+00,-0.0E+00
+2.002500E+00,+121E-06
+2.005000E+00,-482E-06
+2.007500E+00,-241E-06
+2.010000E+00,-0.0E+00
+2.012500E+00,+362E-06
+2.015000E+00,+0.0E+00
+2.017500E+00,-121E-06
+2.020000E+00,-161E-06
+2.022500E+00,+40E-06
+2.025000E+00,-161E-06
+2.027500E+00,-161E-06
+2.030000E+00,-322E-06
+2.032500E+00,-161E-06
+2.035000E+00,-161E-06
+2.037500E+00,+40E-06
+2.040000E+00,+0.0E+00
+2.042500E+00,-322E-06
+2.045000E+00,-80E-06
+2.047500E+00,-281E-06
+2.050000E+00,-0.0E+00
+2.052500E+00,+281E-06
+2.055000E+00,-241E-06
+2.057500E+00,+0.0E+00
+2.060000E+00,-0.0E+00
+2.062500E+00,-40E-06
+2.065000E+00,-161E-06
+2.067500E+00,-161E-06
+2.070000E+00,-0.0E+00
+2.072500E+00,+40E-06
+2.075000E+00,+0.0E+00
+2.077500E+00,+0.0E+00
+2.080000E+00,-161E-06
+2.082500E+00,+40E-06
+2.085000E+00,-402E-06
+2.087500E+00,-442E-06
+2.090000E+00,-0.0E+00
+2.092500E+00,+0.0E+00
+2.095000E+00,+241E-06
+2.097500E+00,+241E-06
+2.100000E+00,+0.0E+00
+2.102500E+00,-40E-06
+2.105000E+00,-161E-06
+2.107500E+00,-161E-06
+2.110000E+00,+0.0E+00
+2.112500E+00,-241E-06
+2.115000E+00,+161E-06
+2.117500E+00,+161E-06
+2.120000E+00,-0.0E+00
+2.122500E+00,-281E-06
+2.125000E+00,-161E-06
+2.127500E+00,-322E-06
+2.130000E+00,-161E-06
+2.132500E+00,-161E-06
+2.135000E+00,+0.0E+00
+2.137500E+00,+40E-06
+2.140000E+00,-161E-06
+2.142500E+00,+121E-06
+2.145000E+00,-322E-06
+2.147500E+00,-121E-06
+2.150000E+00,-0.0E+00
+2.152500E+00,+80E-06
+2.155000E+00,-161E-06
+2.157500E+00,+161E-06
+2.160000E+00,+161E-06
+2.162500E+00,+40E-06
+2.165000E+00,-322E-06
+2.167500E+00,-322E-06
+2.170000E+00,-322E-06
+2.172500E+00,+281E-06
+2.175000E+00,-80E-06
+2.177500E+00,-121E-06
+2.180000E+00,-0.0E+00
+2.182500E+00,-40E-06
+2.185000E+00,-161E-06
+2.187500E+00,-281E-06
+2.190000E+00,-322E-06
+2.192500E+00,-201E-06
+2.195000E+00,-322E-06
+2.197500E+00,-201E-06
+2.200000E+00,+161E-06
+2.202500E+00,-281E-06
+2.205000E+00,-80E-06
+2.207500E+00,-322E-06
+2.210000E+00,-161E-06
+2.212500E+00,-201E-06
+2.215000E+00,-80E-06
+2.217500E+00,-80E-06
+2.220000E+00,-161E-06
+2.222500E+00,-121E-06
+2.225000E+00,-241E-06
+2.227500E+00,-80E-06
+2.230000E+00,-322E-06
+2.232500E+00,-121E-06
+2.235000E+00,+0.0E+00
+2.237500E+00,-80E-06
+2.240000E+00,+0.0E+00
+2.242500E+00,+80E-06
+2.245000E+00,-241E-06
+2.247500E+00,-281E-06
+2.250000E+00,-322E-06
+2.252500E+00,+0.0E+00
+2.255000E+00,-161E-06
+2.257500E+00,+40E-06
+2.260000E+00,-322E-06
+2.262500E+00,-161E-06
+2.265000E+00,-80E-06
+2.267500E+00,-121E-06
+2.270000E+00,-0.0E+00
+2.272500E+00,-80E-06
+2.275000E+00,+80E-06
+2.277500E+00,+80E-06
+2.280000E+00,-0.0E+00
+2.282500E+00,-161E-06
+2.285000E+00,-241E-06
+2.287500E+00,+0.0E+00
+2.290000E+00,-161E-06
+2.292500E+00,+40E-06
+2.295000E+00,-161E-06
+2.297500E+00,+121E-06
+2.300000E+00,+0.0E+00
+2.302500E+00,-161E-06
+2.305000E+00,+0.0E+00
+2.307500E+00,-121E-06
+2.310000E+00,+0.0E+00
+2.312500E+00,+121E-06
+2.315000E+00,-80E-06
+2.317500E+00,+121E-06
+2.320000E+00,+0.0E+00
+2.322500E+00,-281E-06
+2.325000E+00,-80E-06
+2.327500E+00,+0.0E+00
+2.330000E+00,-322E-06
+2.332500E+00,+201E-06
+2.335000E+00,+0.0E+00
+2.337500E+00,-121E-06
+2.340000E+00,-161E-06
+2.342500E+00,-161E-06
+2.345000E+00,-322E-06
+2.347500E+00,-201E-06
+2.350000E+00,-161E-06
+2.352500E+00,+0.0E+00
+2.355000E+00,+161E-06
+2.357500E+00,-40E-06
+2.360000E+00,+0.0E+00
+2.362500E+00,-161E-06
+2.365000E+00,-161E-06
+2.367500E+00,-241E-06
+2.370000E+00,+0.0E+00
+2.372500E+00,+281E-06
+2.375000E+00,-161E-06
+2.377500E+00,-40E-06
+2.380000E+00,-161E-06
+2.382500E+00,+121E-06
+2.385000E+00,-241E-06
+2.387500E+00,+40E-06
+2.390000E+00,-161E-06
+2.392500E+00,-40E-06
+2.395000E+00,-0.0E+00
+2.397500E+00,+161E-06
+2.400000E+00,+0.0E+00
+2.402500E+00,+0.0E+00
+2.405000E+00,-241E-06
+2.407500E+00,-281E-06
+2.410000E+00,-161E-06
+2.412500E+00,-121E-06
+2.415000E+00,+80E-06
+2.417500E+00,-121E-06
+2.420000E+00,+161E-06
+2.422500E+00,-40E-06
+2.425000E+00,-161E-06
+2.427500E+00,+0.0E+00
+2.430000E+00,-0.0E+00
+2.432500E+00,+161E-06
+2.435000E+00,-80E-06
+2.437500E+00,+40E-06
+2.440000E+00,-322E-06
+2.442500E+00,-40E-06
+2.445000E+00,-241E-06
+2.447500E+00,-161E-06
+2.450000E+00,-322E-06
+2.452500E+00,+40E-06
+2.455000E+00,-80E-06
+2.457500E+00,+0.0E+00
+2.460000E+00,+161E-06
+2.462500E+00,-201E-06
+2.465000E+00,-161E-06
+2.467500E+00,-161E-06
+2.470000E+00,-0.0E+00
+2.472500E+00,+121E-06
+2.475000E+00,-80E-06
+2.477500E+00,+161E-06
+2.480000E+00,-0.0E+00
+2.482500E+00,-201E-06
+2.485000E+00,-241E-06
+2.487500E+00,-201E-06
+2.490000E+00,-322E-06
+2.492500E+00,-121E-06
+2.495000E+00,-161E-06
+2.497500E+00,+121E-06
x-axis,FFT
Hertz,dBV
+0.0E+00,-111.445313E+00
+50.00E+00,-86.729375E+00
+100.00E+00,-91.130000E+00
+150.00E+00,-102.601875E+00
+200.00E+00,-99.535938E+00
+250.00E+00,-114.117188E+00
+300.00E+00,-118.811563E+00
+350.00E+00,-109.576563E+00
+400.00E+00,-109.734375E+00
+450.00E+00,-110.119375E+00
+500.00E+00,-115.100000E+00
+550.00E+00,-114.414375E+00
+600.00E+00,-116.557188E+00
+650.00E+00,-122.670625E+00
+700.00E+00,-120.888438E+00
+750.00E+00,-120.868750E+00
+800.00E+00,-120.561875E+00
+850.00E+00,
+900.00E+00,
+950.00E+00,
+1.00000E+03,
+1.05000E+03,
+1.10000E+03,
+1.15000E+03,
+1.20000E+03,
+1.25000E+03,
+1.30000E+03,
+1.35000E+03,
+1.40000E+03,
+1.45000E+03,
+1.50000E+03,
+1.55000E+03,
+1.60000E+03,
+1.65000E+03,
+1.70000E+03,
+1.75000E+03,
+1.80000E+03,
+1.85000E+03,
+1.90000E+03,
+1.95000E+03,
+2.00000E+03,
+2.05000E+03,
+2.10000E+03,
+2.15000E+03,
+2.20000E+03,
+2.25000E+03,
+2.30000E+03,
+2.35000E+03,
+2.40000E+03,
+2.45000E+03,
+2.50000E+03,
+2.55000E+03,
+2.60000E+03,
+2.65000E+03,
+2.70000E+03,
+2.75000E+03,
+2.80000E+03,
+2.85000E+03,
+2.90000E+03,
+2.95000E+03,
+3.00000E+03,
+3.05000E+03,
+3.10000E+03,
+3.15000E+03,
+3.20000E+03,
+3.25000E+03,
+3.30000E+03,
+3.35000E+03,
+3.40000E+03,
+3.45000E+03,
+3.50000E+03,
+3.55000E+03,
+3.60000E+03,
+3.65000E+03,
+3.70000E+03,
+3.75000E+03,
+3.80000E+03,
+3.85000E+03,
+3.90000E+03,
+3.95000E+03,
+4.00000E+03,
+4.05000E+03,
+4.10000E+03,
+4.15000E+03,
+4.20000E+03,
+4.25000E+03,
+4.30000E+03,
+4.35000E+03,
+4.40000E+03,
+4.45000E+03,
+4.50000E+03,
+4.55000E+03,
+4.60000E+03,
+4.65000E+03,
+4.70000E+03,
+4.75000E+03,
+4.80000E+03,
+4.85000E+03,
+4.90000E+03,
+4.95000E+03,
+5.00000E+03,
+5.05000E+03,
+5.10000E+03,
+5.15000E+03,
+5.20000E+03,
+5.25000E+03,
+5.30000E+03,
+5.35000E+03,
+5.40000E+03,
+5.45000E+03,
+5.50000E+03,
+5.55000E+03,
+5.60000E+03,
+5.65000E+03,
+5.70000E+03,
+5.75000E+03,
+5.80000E+03,
+5.85000E+03,
+5.90000E+03,
+5.95000E+03,
+6.00000E+03,
+6.05000E+03,
+6.10000E+03,
+6.15000E+03,
+6.20000E+03,
+6.25000E+03,
+6.30000E+03,
+6.35000E+03,
+6.40000E+03,
+6.45000E+03,
+6.50000E+03,
+6.55000E+03,
+6.60000E+03,
+6.65000E+03,
+6.70000E+03,
+6.75000E+03,
+6.80000E+03,
+6.85000E+03,
+6.90000E+03,
+6.95000E+03,
+7.00000E+03,
+7.05000E+03,
+7.10000E+03,
+7.15000E+03,
+7.20000E+03,
+7.25000E+03,
+7.30000E+03,
+7.35000E+03,
+7.40000E+03,
+7.45000E+03,
+7.50000E+03,
+7.55000E+03,
+7.60000E+03,
+7.65000E+03,
+7.70000E+03,
+7.75000E+03,
+7.80000E+03,
+7.85000E+03,
+7.90000E+03,
+7.95000E+03,
+8.00000E+03,
+8.05000E+03,
+8.10000E+03,
+8.15000E+03,
+8.20000E+03,
+8.25000E+03,
+8.30000E+03,
+8.35000E+03,
+8.40000E+03,
+8.45000E+03,
+8.50000E+03,
+8.55000E+03,
+8.60000E+03,
+8.65000E+03,
+8.70000E+03,
+8.75000E+03,
+8.80000E+03,
+8.85000E+03,
+8.90000E+03,
+8.95000E+03,
+9.00000E+03,
+9.05000E+03,
+9.10000E+03,
+9.15000E+03,
+9.20000E+03,
+9.25000E+03,
+9.30000E+03,
+9.35000E+03,
+9.40000E+03,
+9.45000E+03,
+9.50000E+03,
+9.55000E+03,
+9.60000E+03,
+9.65000E+03,
+9.70000E+03,
+9.75000E+03,
+9.80000E+03,
+9.85000E+03,
+9.90000E+03,
+9.95000E+03,
+10.00000E+03,
+10.05000E+03,
+10.10000E+03,
+10.15000E+03,
+10.20000E+03,
+10.25000E+03,
+10.30000E+03,
+10.35000E+03,
+10.40000E+03,
+10.45000E+03,
+10.50000E+03,
+10.55000E+03,
+10.60000E+03,
+10.65000E+03,
+10.70000E+03,
+10.75000E+03,
+10.80000E+03,
+10.85000E+03,
+10.90000E+03,
+10.95000E+03,
+11.00000E+03,
+11.05000E+03,
+11.10000E+03,
+11.15000E+03,
+11.20000E+03,
+11.25000E+03,
+11.30000E+03,
+11.35000E+03,
+11.40000E+03,
+11.45000E+03,
+11.50000E+03,
+11.55000E+03,
+11.60000E+03,
+11.65000E+03,
+11.70000E+03,
+11.75000E+03,
+11.80000E+03,
+11.85000E+03,
+11.90000E+03,
+11.95000E+03,
+12.00000E+03,
+12.05000E+03,
+12.10000E+03,
+12.15000E+03,
+12.20000E+03,
+12.25000E+03,
+12.30000E+03,
+12.35000E+03,
+12.40000E+03,
+12.45000E+03,
+12.50000E+03,
+12.55000E+03,
+12.60000E+03,
+12.65000E+03,
+12.70000E+03,
+12.75000E+03,
+12.80000E+03,
+12.85000E+03,
+12.90000E+03,
+12.95000E+03,
+13.00000E+03,
+13.05000E+03,
+13.10000E+03,
+13.15000E+03,
+13.20000E+03,
+13.25000E+03,
+13.30000E+03,
+13.35000E+03,
+13.40000E+03,
+13.45000E+03,
+13.50000E+03,
+13.55000E+03,
+13.60000E+03,
+13.65000E+03,
+13.70000E+03,
+13.75000E+03,
+13.80000E+03,
+13.85000E+03,
+13.90000E+03,
+13.95000E+03,
+14.00000E+03,
+14.05000E+03,
+14.10000E+03,
+14.15000E+03,
+14.20000E+03,
+14.25000E+03,
+14.30000E+03,
+14.35000E+03,
+14.40000E+03,
+14.45000E+03,
+14.50000E+03,
+14.55000E+03,
+14.60000E+03,
+14.65000E+03,
+14.70000E+03,
+14.75000E+03,
+14.80000E+03,
+14.85000E+03,
+14.90000E+03,
+14.95000E+03,
+15.00000E+03,
+15.05000E+03,
+15.10000E+03,
+15.15000E+03,
+15.20000E+03,
+15.25000E+03,
+15.30000E+03,
+15.35000E+03,
+15.40000E+03,
+15.45000E+03,
+15.50000E+03,
+15.55000E+03,
+15.60000E+03,
+15.65000E+03,
+15.70000E+03,
+15.75000E+03,
+15.80000E+03,
+15.85000E+03,
+15.90000E+03,
+15.95000E+03,
+16.00000E+03,
+16.05000E+03,
+16.10000E+03,
+16.15000E+03,
+16.20000E+03,
+16.25000E+03,
+16.30000E+03,
+16.35000E+03,
+16.40000E+03,
+16.45000E+03,
+16.50000E+03,
+16.55000E+03,
+16.60000E+03,
+16.65000E+03,
+16.70000E+03,
+16.75000E+03,
+16.80000E+03,
+16.85000E+03,
+16.90000E+03,
+16.95000E+03,
+17.00000E+03,
+17.05000E+03,
+17.10000E+03,
+17.15000E+03,
+17.20000E+03,
+17.25000E+03,
+17.30000E+03,
+17.35000E+03,
+17.40000E+03,
+17.45000E+03,
+17.50000E+03,
+17.55000E+03,
+17.60000E+03,
+17.65000E+03,
+17.70000E+03,
+17.75000E+03,
+17.80000E+03,
+17.85000E+03,
+17.90000E+03,
+17.95000E+03,
+18.00000E+03,
+18.05000E+03,
+18.10000E+03,
+18.15000E+03,
+18.20000E+03,
+18.25000E+03,
+18.30000E+03,
+18.35000E+03,
+18.40000E+03,
+18.45000E+03,
+18.50000E+03,
+18.55000E+03,
+18.60000E+03,
+18.65000E+03,
+18.70000E+03,
+18.75000E+03,
+18.80000E+03,
+18.85000E+03,
+18.90000E+03,
+18.95000E+03,
+19.00000E+03,
+19.05000E+03,
+19.10000E+03,
+19.15000E+03,
+19.20000E+03,
+19.25000E+03,
+19.30000E+03,
+19.35000E+03,
+19.40000E+03,
+19.45000E+03,
+19.50000E+03,
+19.55000E+03,
+19.60000E+03,
+19.65000E+03,
+19.70000E+03,
+19.75000E+03,
+19.80000E+03,
+19.85000E+03,
+19.90000E+03,
+19.95000E+03,
+20.00000E+03,
+20.05000E+03,
+20.10000E+03,
+20.15000E+03,
+20.20000E+03,
+20.25000E+03,
+20.30000E+03,
+20.35000E+03,
+20.40000E+03,
+20.45000E+03,
+20.50000E+03,
+20.55000E+03,
+20.60000E+03,
+20.65000E+03,
+20.70000E+03,
+20.75000E+03,
+20.80000E+03,
+20.85000E+03,
+20.90000E+03,
+20.95000E+03,
+21.00000E+03,
+21.05000E+03,
+21.10000E+03,
+21.15000E+03,
+21.20000E+03,
+21.25000E+03,
+21.30000E+03,
+21.35000E+03,
+21.40000E+03,
+21.45000E+03,
+21.50000E+03,
+21.55000E+03,
+21.60000E+03,
+21.65000E+03,
+21.70000E+03,
+21.75000E+03,
+21.80000E+03,
+21.85000E+03,
+21.90000E+03,
+21.95000E+03,
+22.00000E+03,
+22.05000E+03,
+22.10000E+03,
+22.15000E+03,
+22.20000E+03,
+22.25000E+03,
+22.30000E+03,
+22.35000E+03,
+22.40000E+03,
+22.45000E+03,
+22.50000E+03,
+22.55000E+03,
+22.60000E+03,
+22.65000E+03,
+22.70000E+03,
+22.75000E+03,
+22.80000E+03,
+22.85000E+03,
+22.90000E+03,
+22.95000E+03,
+23.00000E+03,
+23.05000E+03,
+23.10000E+03,
+23.15000E+03,
+23.20000E+03,
+23.25000E+03,
+23.30000E+03,
+23.35000E+03,
+23.40000E+03,
+23.45000E+03,
+23.50000E+03,
+23.55000E+03,
+23.60000E+03,
+23.65000E+03,
+23.70000E+03,
+23.75000E+03,
+23.80000E+03,
+23.85000E+03,
+23.90000E+03,
+23.95000E+03,
+24.00000E+03,
+24.05000E+03,
+24.10000E+03,
+24.15000E+03,
+24.20000E+03,
+24.25000E+03,
+24.30000E+03,
+24.35000E+03,
+24.40000E+03,
+24.45000E+03,
+24.50000E+03,
+24.55000E+03,
+24.60000E+03,
+24.65000E+03,
+24.70000E+03,
+24.75000E+03,
+24.80000E+03,
+24.85000E+03,
+24.90000E+03,
+24.95000E+03,
+25.00000E+03,
+25.05000E+03,
+25.10000E+03,
+25.15000E+03,
+25.20000E+03,
+25.25000E+03,
+25.30000E+03,
+25.35000E+03,
+25.40000E+03,
+25.45000E+03,
+25.50000E+03,
+25.55000E+03,
+25.60000E+03,
+25.65000E+03,
+25.70000E+03,
+25.75000E+03,
+25.80000E+03,
+25.85000E+03,
+25.90000E+03,
+25.95000E+03,
+26.00000E+03,
+26.05000E+03,
+26.10000E+03,
+26.15000E+03,
+26.20000E+03,
+26.25000E+03,
+26.30000E+03,
+26.35000E+03,
+26.40000E+03,
+26.45000E+03,
+26.50000E+03,
+26.55000E+03,
+26.60000E+03,
+26.65000E+03,
+26.70000E+03,
+26.75000E+03,
+26.80000E+03,
+26.85000E+03,
+26.90000E+03,
+26.95000E+03,
+27.00000E+03,
+27.05000E+03,
+27.10000E+03,
+27.15000E+03,
+27.20000E+03,
+27.25000E+03,
+27.30000E+03,
+27.35000E+03,
+27.40000E+03,
+27.45000E+03,
+27.50000E+03,
+27.55000E+03,
+27.60000E+03,
+27.65000E+03,
+27.70000E+03,
+27.75000E+03,
+27.80000E+03,
+27.85000E+03,
+27.90000E+03,
+27.95000E+03,
+28.00000E+03,
+28.05000E+03,
+28.10000E+03,
+28.15000E+03,
+28.20000E+03,
+28.25000E+03,
+28.30000E+03,
+28.35000E+03,
+28.40000E+03,
+28.45000E+03,
+28.50000E+03,
+28.55000E+03,
+28.60000E+03,
+28.65000E+03,
+28.70000E+03,
+28.75000E+03,
+28.80000E+03,
+28.85000E+03,
+28.90000E+03,
+28.95000E+03,
+29.00000E+03,
+29.05000E+03,
+29.10000E+03,
+29.15000E+03,
+29.20000E+03,
+29.25000E+03,
+29.30000E+03,
+29.35000E+03,
+29.40000E+03,
+29.45000E+03,
+29.50000E+03,
+29.55000E+03,
+29.60000E+03,
+29.65000E+03,
+29.70000E+03,
+29.75000E+03,
+29.80000E+03,
+29.85000E+03,
+29.90000E+03,
+29.95000E+03,
+30.00000E+03,
+30.05000E+03,
+30.10000E+03,
+30.15000E+03,
+30.20000E+03,
+30.25000E+03,
+30.30000E+03,
+30.35000E+03,
+30.40000E+03,
+30.45000E+03,
+30.50000E+03,
+30.55000E+03,
+30.60000E+03,
+30.65000E+03,
+30.70000E+03,
+30.75000E+03,
+30.80000E+03,
+30.85000E+03,
+30.90000E+03,
+30.95000E+03,
+31.00000E+03,
+31.05000E+03,
+31.10000E+03,
+31.15000E+03,
+31.20000E+03,
+31.25000E+03,
+31.30000E+03,
+31.35000E+03,
+31.40000E+03,
+31.45000E+03,
+31.50000E+03,
+31.55000E+03,
+31.60000E+03,
+31.65000E+03,
+31.70000E+03,
+31.75000E+03,
+31.80000E+03,
+31.85000E+03,
+31.90000E+03,
+31.95000E+03,
+32.00000E+03,
+32.05000E+03,
+32.10000E+03,
+32.15000E+03,
+32.20000E+03,
+32.25000E+03,
+32.30000E+03,
+32.35000E+03,
+32.40000E+03,
+32.45000E+03,
+32.50000E+03,
+32.55000E+03,
+32.60000E+03,
+32.65000E+03,
+32.70000E+03,
+32.75000E+03,
+32.80000E+03,
+32.85000E+03,
+32.90000E+03,
+32.95000E+03,
+33.00000E+03,
+33.05000E+03,
+33.10000E+03,
+33.15000E+03,
+33.20000E+03,
+33.25000E+03,
+33.30000E+03,
+33.35000E+03,
+33.40000E+03,
+33.45000E+03,
+33.50000E+03,
+33.55000E+03,
+33.60000E+03,
+33.65000E+03,
+33.70000E+03,
+33.75000E+03,
+33.80000E+03,
+33.85000E+03,
+33.90000E+03,
+33.95000E+03,
+34.00000E+03,
+34.05000E+03,
+34.10000E+03,
+34.15000E+03,
+34.20000E+03,
+34.25000E+03,
+34.30000E+03,
+34.35000E+03,
+34.40000E+03,
+34.45000E+03,
+34.50000E+03,
+34.55000E+03,
+34.60000E+03,
+34.65000E+03,
+34.70000E+03,
+34.75000E+03,
+34.80000E+03,
+34.85000E+03,
+34.90000E+03,
+34.95000E+03,
+35.00000E+03,
+35.05000E+03,
+35.10000E+03,
+35.15000E+03,
+35.20000E+03,
+35.25000E+03,
+35.30000E+03,
+35.35000E+03,
+35.40000E+03,
+35.45000E+03,
+35.50000E+03,
+35.55000E+03,
+35.60000E+03,
+35.65000E+03,
+35.70000E+03,
+35.75000E+03,
+35.80000E+03,
+35.85000E+03,
+35.90000E+03,
+35.95000E+03,
+36.00000E+03,
+36.05000E+03,
+36.10000E+03,
+36.15000E+03,
+36.20000E+03,
+36.25000E+03,
+36.30000E+03,
+36.35000E+03,
+36.40000E+03,
+36.45000E+03,
+36.50000E+03,
+36.55000E+03,
+36.60000E+03,
+36.65000E+03,
+36.70000E+03,
+36.75000E+03,
+36.80000E+03,
+36.85000E+03,
+36.90000E+03,
+36.95000E+03,
+37.00000E+03,
+37.05000E+03,
+37.10000E+03,
+37.15000E+03,
+37.20000E+03,
+37.25000E+03,
+37.30000E+03,
+37.35000E+03,
+37.40000E+03,
+37.45000E+03,
+37.50000E+03,
+37.55000E+03,
+37.60000E+03,
+37.65000E+03,
+37.70000E+03,
+37.75000E+03,
+37.80000E+03,
+37.85000E+03,
+37.90000E+03,
+37.95000E+03,
+38.00000E+03,
+38.05000E+03,
+38.10000E+03,
+38.15000E+03,
+38.20000E+03,
+38.25000E+03,
+38.30000E+03,
+38.35000E+03,
+38.40000E+03,
+38.45000E+03,
+38.50000E+03,
+38.55000E+03,
+38.60000E+03,
+38.65000E+03,
+38.70000E+03,
+38.75000E+03,
+38.80000E+03,
+38.85000E+03,
+38.90000E+03,
+38.95000E+03,
+39.00000E+03,
+39.05000E+03,
+39.10000E+03,
+39.15000E+03,
+39.20000E+03,
+39.25000E+03,
+39.30000E+03,
+39.35000E+03,
+39.40000E+03,
+39.45000E+03,
+39.50000E+03,
+39.55000E+03,
+39.60000E+03,
+39.65000E+03,
+39.70000E+03,
+39.75000E+03,
+39.80000E+03,
+39.85000E+03,
+39.90000E+03,
+39.95000E+03,
+40.00000E+03,
+40.05000E+03,
+40.10000E+03,
+40.15000E+03,
+40.20000E+03,
+40.25000E+03,
+40.30000E+03,
+40.35000E+03,
+40.40000E+03,
+40.45000E+03,
+40.50000E+03,
+40.55000E+03,
+40.60000E+03,
+40.65000E+03,
+40.70000E+03,
+40.75000E+03,
+40.80000E+03,
+40.85000E+03,
+40.90000E+03,
+40.95000E+03,
+41.00000E+03,
+41.05000E+03,
+41.10000E+03,
+41.15000E+03,
+41.20000E+03,
+41.25000E+03,
+41.30000E+03,
+41.35000E+03,
+41.40000E+03,
+41.45000E+03,
+41.50000E+03,
+41.55000E+03,
+41.60000E+03,
+41.65000E+03,
+41.70000E+03,
+41.75000E+03,
+41.80000E+03,
+41.85000E+03,
+41.90000E+03,
+41.95000E+03,
+42.00000E+03,
+42.05000E+03,
+42.10000E+03,
+42.15000E+03,
+42.20000E+03,
+42.25000E+03,
+42.30000E+03,
+42.35000E+03,
+42.40000E+03,
+42.45000E+03,
+42.50000E+03,
+42.55000E+03,
+42.60000E+03,
+42.65000E+03,
+42.70000E+03,
+42.75000E+03,
+42.80000E+03,
+42.85000E+03,
+42.90000E+03,
+42.95000E+03,
+43.00000E+03,
+43.05000E+03,
+43.10000E+03,
+43.15000E+03,
+43.20000E+03,
+43.25000E+03,
+43.30000E+03,
+43.35000E+03,
+43.40000E+03,
+43.45000E+03,
+43.50000E+03,
+43.55000E+03,
+43.60000E+03,
+43.65000E+03,
+43.70000E+03,
+43.75000E+03,
+43.80000E+03,
+43.85000E+03,
+43.90000E+03,
+43.95000E+03,
+44.00000E+03,
+44.05000E+03,
+44.10000E+03,
+44.15000E+03,
+44.20000E+03,
+44.25000E+03,
+44.30000E+03,
+44.35000E+03,
+44.40000E+03,
+44.45000E+03,
+44.50000E+03,
+44.55000E+03,
+44.60000E+03,
+44.65000E+03,
+44.70000E+03,
+44.75000E+03,
+44.80000E+03,
+44.85000E+03,
+44.90000E+03,
+44.95000E+03,
+45.00000E+03,
+45.05000E+03,
+45.10000E+03,
+45.15000E+03,
+45.20000E+03,
+45.25000E+03,
+45.30000E+03,
+45.35000E+03,
+45.40000E+03,
+45.45000E+03,
+45.50000E+03,
+45.55000E+03,
+45.60000E+03,
+45.65000E+03,
+45.70000E+03,
+45.75000E+03,
+45.80000E+03,
+45.85000E+03,
+45.90000E+03,
+45.95000E+03,
+46.00000E+03,
+46.05000E+03,
+46.10000E+03,
+46.15000E+03,
+46.20000E+03,
+46.25000E+03,
+46.30000E+03,
+46.35000E+03,
+46.40000E+03,
+46.45000E+03,
+46.50000E+03,
+46.55000E+03,
+46.60000E+03,
+46.65000E+03,
+46.70000E+03,
+46.75000E+03,
+46.80000E+03,
+46.85000E+03,
+46.90000E+03,
+46.95000E+03,
+47.00000E+03,
+47.05000E+03,
+47.10000E+03,
+47.15000E+03,
+47.20000E+03,
+47.25000E+03,
+47.30000E+03,
+47.35000E+03,
+47.40000E+03,
+47.45000E+03,
+47.50000E+03,
+47.55000E+03,
+47.60000E+03,
+47.65000E+03,
+47.70000E+03,
+47.75000E+03,
+47.80000E+03,
+47.85000E+03,
+47.90000E+03,
+47.95000E+03,
+48.00000E+03,
+48.05000E+03,
+48.10000E+03,
+48.15000E+03,
+48.20000E+03,
+48.25000E+03,
+48.30000E+03,
+48.35000E+03,
+48.40000E+03,
+48.45000E+03,
+48.50000E+03,
+48.55000E+03,
+48.60000E+03,
+48.65000E+03,
+48.70000E+03,
+48.75000E+03,
+48.80000E+03,
+48.85000E+03,
+48.90000E+03,
+48.95000E+03,
+49.00000E+03,
+49.05000E+03,
+49.10000E+03,
+49.15000E+03,
+49.20000E+03,
+49.25000E+03,
+49.30000E+03,
+49.35000E+03,
+49.40000E+03,
+49.45000E+03,
+49.50000E+03,
+49.55000E+03,
+49.60000E+03,
+49.65000E+03,
+49.70000E+03,
+49.75000E+03,
+49.80000E+03,
+49.85000E+03,
+49.90000E+03,
+49.95000E+03,
+50.00000E+03,
+50.05000E+03,
+50.10000E+03,
+50.15000E+03,
+50.20000E+03,
+50.25000E+03,
+50.30000E+03,
+50.35000E+03,
+50.40000E+03,
+50.45000E+03,
+50.50000E+03,
+50.55000E+03,
+50.60000E+03,
+50.65000E+03,
+50.70000E+03,
+50.75000E+03,
+50.80000E+03,
+50.85000E+03,
+50.90000E+03,
+50.95000E+03,
+51.00000E+03,
+51.05000E+03,
+51.10000E+03,
+51.15000E+03,
+51.20000E+03,
+51.25000E+03,
+51.30000E+03,
+51.35000E+03,
+51.40000E+03,
+51.45000E+03,
+51.50000E+03,
+51.55000E+03,
+51.60000E+03,
+51.65000E+03,
+51.70000E+03,
+51.75000E+03,
+51.80000E+03,
+51.85000E+03,
+51.90000E+03,
+51.95000E+03,
+52.00000E+03,
+52.05000E+03,
+52.10000E+03,
+52.15000E+03,
+52.20000E+03,
+52.25000E+03,
+52.30000E+03,
+52.35000E+03,
+52.40000E+03,
+52.45000E+03,
+52.50000E+03,
+52.55000E+03,
+52.60000E+03,
+52.65000E+03,
+52.70000E+03,
+52.75000E+03,
+52.80000E+03,
+52.85000E+03,
+52.90000E+03,
+52.95000E+03,
+53.00000E+03,
+53.05000E+03,
+53.10000E+03,
+53.15000E+03,
+53.20000E+03,
+53.25000E+03,
+53.30000E+03,
+53.35000E+03,
+53.40000E+03,
+53.45000E+03,
+53.50000E+03,
+53.55000E+03,
+53.60000E+03,
+53.65000E+03,
+53.70000E+03,
+53.75000E+03,
+53.80000E+03,
+53.85000E+03,
+53.90000E+03,
+53.95000E+03,
+54.00000E+03,
+54.05000E+03,
+54.10000E+03,
+54.15000E+03,
+54.20000E+03,
+54.25000E+03,
+54.30000E+03,
+54.35000E+03,
+54.40000E+03,
+54.45000E+03,
+54.50000E+03,
+54.55000E+03,
+54.60000E+03,
+54.65000E+03,
+54.70000E+03,
+54.75000E+03,
+54.80000E+03,
+54.85000E+03,
+54.90000E+03,
+54.95000E+03,
+55.00000E+03,
+55.05000E+03,
+55.10000E+03,
+55.15000E+03,
+55.20000E+03,
+55.25000E+03,
+55.30000E+03,
+55.35000E+03,
+55.40000E+03,
+55.45000E+03,
+55.50000E+03,
+55.55000E+03,
+55.60000E+03,
+55.65000E+03,
+55.70000E+03,
+55.75000E+03,
+55.80000E+03,
+55.85000E+03,
+55.90000E+03,
+55.95000E+03,
+56.00000E+03,
+56.05000E+03,
+56.10000E+03,
+56.15000E+03,
+56.20000E+03,
+56.25000E+03,
+56.30000E+03,
+56.35000E+03,
+56.40000E+03,
+56.45000E+03,
+56.50000E+03,
+56.55000E+03,
+56.60000E+03,
+56.65000E+03,
+56.70000E+03,
+56.75000E+03,
+56.80000E+03,
+56.85000E+03,
+56.90000E+03,
+56.95000E+03,
+57.00000E+03,
+57.05000E+03,
+57.10000E+03,
+57.15000E+03,
+57.20000E+03,
+57.25000E+03,
+57.30000E+03,
+57.35000E+03,
+57.40000E+03,
+57.45000E+03,
+57.50000E+03,
+57.55000E+03,
+57.60000E+03,
+57.65000E+03,
+57.70000E+03,
+57.75000E+03,
+57.80000E+03,
+57.85000E+03,
+57.90000E+03,
+57.95000E+03,
+58.00000E+03,
+58.05000E+03,
+58.10000E+03,
+58.15000E+03,
+58.20000E+03,
+58.25000E+03,
+58.30000E+03,
+58.35000E+03,
+58.40000E+03,
+58.45000E+03,
+58.50000E+03,
+58.55000E+03,
+58.60000E+03,
+58.65000E+03,
+58.70000E+03,
+58.75000E+03,
+58.80000E+03,
+58.85000E+03,
+58.90000E+03,
+58.95000E+03,
+59.00000E+03,
+59.05000E+03,
+59.10000E+03,
+59.15000E+03,
+59.20000E+03,
+59.25000E+03,
+59.30000E+03,
+59.35000E+03,
+59.40000E+03,
+59.45000E+03,
+59.50000E+03,
+59.55000E+03,
+59.60000E+03,
+59.65000E+03,
+59.70000E+03,
+59.75000E+03,
+59.80000E+03,
+59.85000E+03,
+59.90000E+03,
+59.95000E+03,
+60.00000E+03,
+60.05000E+03,
+60.10000E+03,
+60.15000E+03,
+60.20000E+03,
+60.25000E+03,
+60.30000E+03,
+60.35000E+03,
+60.40000E+03,
+60.45000E+03,
+60.50000E+03,
+60.55000E+03,
+60.60000E+03,
+60.65000E+03,
+60.70000E+03,
+60.75000E+03,
+60.80000E+03,
+60.85000E+03,
+60.90000E+03,
+60.95000E+03,
+61.00000E+03,
+61.05000E+03,
+61.10000E+03,
+61.15000E+03,
+61.20000E+03,
+61.25000E+03,
+61.30000E+03,
+61.35000E+03,
+61.40000E+03,
+61.45000E+03,
+61.50000E+03,
+61.55000E+03,
+61.60000E+03,
+61.65000E+03,
+61.70000E+03,
+61.75000E+03,
+61.80000E+03,
+61.85000E+03,
+61.90000E+03,
+61.95000E+03,
+62.00000E+03,
+62.05000E+03,
+62.10000E+03,
+62.15000E+03,
+62.20000E+03,
+62.25000E+03,
+62.30000E+03,
+62.35000E+03,
+62.40000E+03,
+62.45000E+03,
+62.50000E+03,
+62.55000E+03,
+62.60000E+03,
+62.65000E+03,
+62.70000E+03,
+62.75000E+03,
+62.80000E+03,
+62.85000E+03,
+62.90000E+03,
+62.95000E+03,
+63.00000E+03,
+63.05000E+03,
+63.10000E+03,
+63.15000E+03,
+63.20000E+03,
+63.25000E+03,
+63.30000E+03,
+63.35000E+03,
+63.40000E+03,
+63.45000E+03,
+63.50000E+03,
+63.55000E+03,
+63.60000E+03,
+63.65000E+03,
+63.70000E+03,
+63.75000E+03,
+63.80000E+03,
+63.85000E+03,
+63.90000E+03,
+63.95000E+03,
+64.00000E+03,
+64.05000E+03,
+64.10000E+03,
+64.15000E+03,
+64.20000E+03,
+64.25000E+03,
+64.30000E+03,
+64.35000E+03,
+64.40000E+03,
+64.45000E+03,
+64.50000E+03,
+64.55000E+03,
+64.60000E+03,
+64.65000E+03,
+64.70000E+03,
+64.75000E+03,
+64.80000E+03,
+64.85000E+03,
+64.90000E+03,
+64.95000E+03,
+65.00000E+03,
+65.05000E+03,
+65.10000E+03,
+65.15000E+03,
+65.20000E+03,
+65.25000E+03,
+65.30000E+03,
+65.35000E+03,
+65.40000E+03,
+65.45000E+03,
+65.50000E+03,
+65.55000E+03,
+65.60000E+03,
+65.65000E+03,
+65.70000E+03,
+65.75000E+03,
+65.80000E+03,
+65.85000E+03,
+65.90000E+03,
+65.95000E+03,
+66.00000E+03,
+66.05000E+03,
+66.10000E+03,
+66.15000E+03,
+66.20000E+03,
+66.25000E+03,
+66.30000E+03,
+66.35000E+03,
+66.40000E+03,
+66.45000E+03,
+66.50000E+03,
+66.55000E+03,
+66.60000E+03,
+66.65000E+03,
+66.70000E+03,
+66.75000E+03,
+66.80000E+03,
+66.85000E+03,
+66.90000E+03,
+66.95000E+03,
+67.00000E+03,
+67.05000E+03,
+67.10000E+03,
+67.15000E+03,
+67.20000E+03,
+67.25000E+03,
+67.30000E+03,
+67.35000E+03,
+67.40000E+03,
+67.45000E+03,
+67.50000E+03,
+67.55000E+03,
+67.60000E+03,
+67.65000E+03,
+67.70000E+03,
+67.75000E+03,
+67.80000E+03,
+67.85000E+03,
+67.90000E+03,
+67.95000E+03,
+68.00000E+03,
+68.05000E+03,
+68.10000E+03,
+68.15000E+03,
+68.20000E+03,
+68.25000E+03,
+68.30000E+03,
+68.35000E+03,
+68.40000E+03,
+68.45000E+03,
+68.50000E+03,
+68.55000E+03,
+68.60000E+03,
+68.65000E+03,
+68.70000E+03,
+68.75000E+03,
+68.80000E+03,
+68.85000E+03,
+68.90000E+03,
+68.95000E+03,
+69.00000E+03,
+69.05000E+03,
+69.10000E+03,
+69.15000E+03,
+69.20000E+03,
+69.25000E+03,
+69.30000E+03,
+69.35000E+03,
+69.40000E+03,
+69.45000E+03,
+69.50000E+03,
+69.55000E+03,
+69.60000E+03,
+69.65000E+03,
+69.70000E+03,
+69.75000E+03,
+69.80000E+03,
+69.85000E+03,
+69.90000E+03,
+69.95000E+03,
+70.00000E+03,
+70.05000E+03,
+70.10000E+03,
+70.15000E+03,
+70.20000E+03,
+70.25000E+03,
+70.30000E+03,
+70.35000E+03,
+70.40000E+03,
+70.45000E+03,
+70.50000E+03,
+70.55000E+03,
+70.60000E+03,
+70.65000E+03,
+70.70000E+03,
+70.75000E+03,
+70.80000E+03,
+70.85000E+03,
+70.90000E+03,
+70.95000E+03,
+71.00000E+03,
+71.05000E+03,
+71.10000E+03,
+71.15000E+03,
+71.20000E+03,
+71.25000E+03,
+71.30000E+03,
+71.35000E+03,
+71.40000E+03,
+71.45000E+03,
+71.50000E+03,
+71.55000E+03,
+71.60000E+03,
+71.65000E+03,
+71.70000E+03,
+71.75000E+03,
+71.80000E+03,
+71.85000E+03,
+71.90000E+03,
+71.95000E+03,
+72.00000E+03,
+72.05000E+03,
+72.10000E+03,
+72.15000E+03,
+72.20000E+03,
+72.25000E+03,
+72.30000E+03,
+72.35000E+03,
+72.40000E+03,
+72.45000E+03,
+72.50000E+03,
+72.55000E+03,
+72.60000E+03,
+72.65000E+03,
+72.70000E+03,
+72.75000E+03,
+72.80000E+03,
+72.85000E+03,
+72.90000E+03,
+72.95000E+03,
+73.00000E+03,
+73.05000E+03,
+73.10000E+03,
+73.15000E+03,
+73.20000E+03,
+73.25000E+03,
+73.30000E+03,
+73.35000E+03,
+73.40000E+03,
+73.45000E+03,
+73.50000E+03,
+73.55000E+03,
+73.60000E+03,
+73.65000E+03,
+73.70000E+03,
+73.75000E+03,
+73.80000E+03,
+73.85000E+03,
+73.90000E+03,
+73.95000E+03,
+74.00000E+03,
+74.05000E+03,
+74.10000E+03,
+74.15000E+03,
+74.20000E+03,
+74.25000E+03,
+74.30000E+03,
+74.35000E+03,
+74.40000E+03,
+74.45000E+03,
+74.50000E+03,
+74.55000E+03,
+74.60000E+03,
+74.65000E+03,
+74.70000E+03,
+74.75000E+03,
+74.80000E+03,
+74.85000E+03,
+74.90000E+03,
+74.95000E+03,
+75.00000E+03,
+75.05000E+03,
+75.10000E+03,
+75.15000E+03,
+75.20000E+03,
+75.25000E+03,
+75.30000E+03,
+75.35000E+03,
+75.40000E+03,
+75.45000E+03,
+75.50000E+03,
+75.55000E+03,
+75.60000E+03,
+75.65000E+03,
+75.70000E+03,
+75.75000E+03,
+75.80000E+03,
+75.85000E+03,
+75.90000E+03,
+75.95000E+03,
+76.00000E+03,
+76.05000E+03,
+76.10000E+03,
+76.15000E+03,
+76.20000E+03,
+76.25000E+03,
+76.30000E+03,
+76.35000E+03,
+76.40000E+03,
+76.45000E+03,
+76.50000E+03,
+76.55000E+03,
+76.60000E+03,
+76.65000E+03,
+76.70000E+03,
+76.75000E+03,
+76.80000E+03,
+76.85000E+03,
+76.90000E+03,
+76.95000E+03,
+77.00000E+03,
+77.05000E+03,
+77.10000E+03,
+77.15000E+03,
+77.20000E+03,
+77.25000E+03,
+77.30000E+03,
+77.35000E+03,
+77.40000E+03,
+77.45000E+03,
+77.50000E+03,
+77.55000E+03,
+77.60000E+03,
+77.65000E+03,
+77.70000E+03,
+77.75000E+03,
+77.80000E+03,
+77.85000E+03,
+77.90000E+03,
+77.95000E+03,
+78.00000E+03,
+78.05000E+03,
+78.10000E+03,
+78.15000E+03,
+78.20000E+03,
+78.25000E+03,
+78.30000E+03,
+78.35000E+03,
+78.40000E+03,
+78.45000E+03,
+78.50000E+03,
+78.55000E+03,
+78.60000E+03,
+78.65000E+03,
+78.70000E+03,
+78.75000E+03,
+78.80000E+03,
+78.85000E+03,
+78.90000E+03,
+78.95000E+03,
+79.00000E+03,
+79.05000E+03,
+79.10000E+03,
+79.15000E+03,
+79.20000E+03,
+79.25000E+03,
+79.30000E+03,
+79.35000E+03,
+79.40000E+03,
+79.45000E+03,
+79.50000E+03,
+79.55000E+03,
+79.60000E+03,
+79.65000E+03,
+79.70000E+03,
+79.75000E+03,
+79.80000E+03,
+79.85000E+03,
+79.90000E+03,
+79.95000E+03,
+80.00000E+03,
+80.05000E+03,
+80.10000E+03,
+80.15000E+03,
+80.20000E+03,
+80.25000E+03,
+80.30000E+03,
+80.35000E+03,
+80.40000E+03,
+80.45000E+03,
+80.50000E+03,
+80.55000E+03,
+80.60000E+03,
+80.65000E+03,
+80.70000E+03,
+80.75000E+03,
+80.80000E+03,
+80.85000E+03,
+80.90000E+03,
+80.95000E+03,
+81.00000E+03,
+81.05000E+03,
+81.10000E+03,
+81.15000E+03,
+81.20000E+03,
+81.25000E+03,
+81.30000E+03,
+81.35000E+03,
+81.40000E+03,
+81.45000E+03,
+81.50000E+03,
+81.55000E+03,
+81.60000E+03,
+81.65000E+03,
+81.70000E+03,
+81.75000E+03,
+81.80000E+03,
+81.85000E+03,
+81.90000E+03,
+81.95000E+03,
+82.00000E+03,
+82.05000E+03,
+82.10000E+03,
+82.15000E+03,
+82.20000E+03,
+82.25000E+03,
+82.30000E+03,
+82.35000E+03,
+82.40000E+03,
+82.45000E+03,
+82.50000E+03,
+82.55000E+03,
+82.60000E+03,
+82.65000E+03,
+82.70000E+03,
+82.75000E+03,
+82.80000E+03,
+82.85000E+03,
+82.90000E+03,
+82.95000E+03,
+83.00000E+03,
+83.05000E+03,
+83.10000E+03,
+83.15000E+03,
+83.20000E+03,
+83.25000E+03,
+83.30000E+03,
+83.35000E+03,
+83.40000E+03,
+83.45000E+03,
+83.50000E+03,
+83.55000E+03,
+83.60000E+03,
+83.65000E+03,
+83.70000E+03,
+83.75000E+03,
+83.80000E+03,
+83.85000E+03,
+83.90000E+03,
+83.95000E+03,
+84.00000E+03,
+84.05000E+03,
+84.10000E+03,
+84.15000E+03,
+84.20000E+03,
+84.25000E+03,
+84.30000E+03,
+84.35000E+03,
+84.40000E+03,
+84.45000E+03,
+84.50000E+03,
+84.55000E+03,
+84.60000E+03,
+84.65000E+03,
+84.70000E+03,
+84.75000E+03,
+84.80000E+03,
+84.85000E+03,
+84.90000E+03,
+84.95000E+03,
+85.00000E+03,
+85.05000E+03,
+85.10000E+03,
+85.15000E+03,
+85.20000E+03,
+85.25000E+03,
+85.30000E+03,
+85.35000E+03,
+85.40000E+03,
+85.45000E+03,
+85.50000E+03,
+85.55000E+03,
+85.60000E+03,
+85.65000E+03,
+85.70000E+03,
+85.75000E+03,
+85.80000E+03,
+85.85000E+03,
+85.90000E+03,
+85.95000E+03,
+86.00000E+03,
+86.05000E+03,
+86.10000E+03,
+86.15000E+03,
+86.20000E+03,
+86.25000E+03,
+86.30000E+03,
+86.35000E+03,
+86.40000E+03,
+86.45000E+03,
+86.50000E+03,
+86.55000E+03,
+86.60000E+03,
+86.65000E+03,
+86.70000E+03,
+86.75000E+03,
+86.80000E+03,
+86.85000E+03,
+86.90000E+03,
+86.95000E+03,
+87.00000E+03,
+87.05000E+03,
+87.10000E+03,
+87.15000E+03,
+87.20000E+03,
+87.25000E+03,
+87.30000E+03,
+87.35000E+03,
+87.40000E+03,
+87.45000E+03,
+87.50000E+03,
+87.55000E+03,
+87.60000E+03,
+87.65000E+03,
+87.70000E+03,
+87.75000E+03,
+87.80000E+03,
+87.85000E+03,
+87.90000E+03,
+87.95000E+03,
+88.00000E+03,
+88.05000E+03,
+88.10000E+03,
+88.15000E+03,
+88.20000E+03,
+88.25000E+03,
+88.30000E+03,
+88.35000E+03,
+88.40000E+03,
+88.45000E+03,
+88.50000E+03,
+88.55000E+03,
+88.60000E+03,
+88.65000E+03,
+88.70000E+03,
+88.75000E+03,
+88.80000E+03,
+88.85000E+03,
+88.90000E+03,
+88.95000E+03,
+89.00000E+03,
+89.05000E+03,
+89.10000E+03,
+89.15000E+03,
+89.20000E+03,
+89.25000E+03,
+89.30000E+03,
+89.35000E+03,
+89.40000E+03,
+89.45000E+03,
+89.50000E+03,
+89.55000E+03,
+89.60000E+03,
+89.65000E+03,
+89.70000E+03,
+89.75000E+03,
+89.80000E+03,
+89.85000E+03,
+89.90000E+03,
+89.95000E+03,
+90.00000E+03,
+90.05000E+03,
+90.10000E+03,
+90.15000E+03,
+90.20000E+03,
+90.25000E+03,
+90.30000E+03,
+90.35000E+03,
+90.40000E+03,
+90.45000E+03,
+90.50000E+03,
+90.55000E+03,
+90.60000E+03,
+90.65000E+03,
+90.70000E+03,
+90.75000E+03,
+90.80000E+03,
+90.85000E+03,
+90.90000E+03,
+90.95000E+03,
+91.00000E+03,
+91.05000E+03,
+91.10000E+03,
+91.15000E+03,
+91.20000E+03,
+91.25000E+03,
+91.30000E+03,
+91.35000E+03,
+91.40000E+03,
+91.45000E+03,
+91.50000E+03,
+91.55000E+03,
+91.60000E+03,
+91.65000E+03,
+91.70000E+03,
+91.75000E+03,
+91.80000E+03,
+91.85000E+03,
+91.90000E+03,
+91.95000E+03,
+92.00000E+03,
+92.05000E+03,
+92.10000E+03,
+92.15000E+03,
+92.20000E+03,
+92.25000E+03,
+92.30000E+03,
+92.35000E+03,
+92.40000E+03,
+92.45000E+03,
+92.50000E+03,
+92.55000E+03,
+92.60000E+03,
+92.65000E+03,
+92.70000E+03,
+92.75000E+03,
+92.80000E+03,
+92.85000E+03,
+92.90000E+03,
+92.95000E+03,
+93.00000E+03,
+93.05000E+03,
+93.10000E+03,
+93.15000E+03,
+93.20000E+03,
+93.25000E+03,
+93.30000E+03,
+93.35000E+03,
+93.40000E+03,
+93.45000E+03,
+93.50000E+03,
+93.55000E+03,
+93.60000E+03,
+93.65000E+03,
+93.70000E+03,
+93.75000E+03,
+93.80000E+03,
+93.85000E+03,
+93.90000E+03,
+93.95000E+03,
+94.00000E+03,
+94.05000E+03,
+94.10000E+03,
+94.15000E+03,
+94.20000E+03,
+94.25000E+03,
+94.30000E+03,
+94.35000E+03,
+94.40000E+03,
+94.45000E+03,
+94.50000E+03,
+94.55000E+03,
+94.60000E+03,
+94.65000E+03,
+94.70000E+03,
+94.75000E+03,
+94.80000E+03,
+94.85000E+03,
+94.90000E+03,
+94.95000E+03,
+95.00000E+03,
+95.05000E+03,
+95.10000E+03,
+95.15000E+03,
+95.20000E+03,
+95.25000E+03,
+95.30000E+03,
+95.35000E+03,
+95.40000E+03,
+95.45000E+03,
+95.50000E+03,
+95.55000E+03,
+95.60000E+03,
+95.65000E+03,
+95.70000E+03,
+95.75000E+03,
+95.80000E+03,
+95.85000E+03,
+95.90000E+03,
+95.95000E+03,
+96.00000E+03,
+96.05000E+03,
+96.10000E+03,
+96.15000E+03,
+96.20000E+03,
+96.25000E+03,
+96.30000E+03,
+96.35000E+03,
+96.40000E+03,
+96.45000E+03,
+96.50000E+03,
+96.55000E+03,
+96.60000E+03,
+96.65000E+03,
+96.70000E+03,
+96.75000E+03,
+96.80000E+03,
+96.85000E+03,
+96.90000E+03,
+96.95000E+03,
+97.00000E+03,
+97.05000E+03,
+97.10000E+03,
+97.15000E+03,
+97.20000E+03,
+97.25000E+03,
+97.30000E+03,
+97.35000E+03,
+97.40000E+03,
+97.45000E+03,
+97.50000E+03,
+97.55000E+03,
+97.60000E+03,
+97.65000E+03,
+97.70000E+03,
+97.75000E+03,
+97.80000E+03,
+97.85000E+03,
+97.90000E+03,
+97.95000E+03,
+98.00000E+03,
+98.05000E+03,
+98.10000E+03,
+98.15000E+03,
+98.20000E+03,
+98.25000E+03,
+98.30000E+03,
+98.35000E+03,
+98.40000E+03,
+98.45000E+03,
+98.50000E+03,
+98.55000E+03,
+98.60000E+03,
+98.65000E+03,
+98.70000E+03,
+98.75000E+03,
+98.80000E+03,
+98.85000E+03,
+98.90000E+03,
+98.95000E+03,
+99.00000E+03,
+99.05000E+03,
+99.10000E+03,
+99.15000E+03,
+99.20000E+03,
+99.25000E+03,
+99.30000E+03,
+99.35000E+03,
+99.40000E+03,
+99.45000E+03,
+99.50000E+03,
+99.55000E+03,
+99.60000E+03,
+99.65000E+03,
+99.70000E+03,
+99.75000E+03,
+99.80000E+03,
+99.85000E+03,
+99.90000E+03,
+99.95000E+03,
